口味：8.0,人均：73元,12632条评论,本帮江浙菜,人民广场,    南京西路2-68号新世界城9F(近南京东路)    ,58db0d88912eae123cca01a6,70后饭吧(人民广场店)    ,环境：8.2,服务：7.8
口味：8.3,人均：127元,9482条评论,西餐,虹桥,    茅台路179号金虹桥商场L403-L405室(近娄山关路)    ,58db0d9f912eae123cca01a7,Mr Nice好好先生餐厅(金虹桥店)    ,环境：8.8,服务：8.0
口味：8.7,人均：390元,490条评论,其他,外滩,    中山东一路6号(外滩6号)3楼A座(近广东路)    ,58db0ee6912eae21983c34c3,御锦天    ,环境：9.2,服务：9.1
口味：8.8,人均：88元,8621条评论,川菜,徐家汇,    肇嘉浜路825号(近宛平南路)    ,58db0eec912eae21983c34c4,渝香情绿色怀旧餐厅(徐家汇店)    ,环境：8.9,服务：8.6
口味：8.5,人均：111元,6281条评论,本帮江浙菜,打浦桥,    徐家汇路618号日月光中心广场4楼(近泰康路)    ,58db0ef0912eae21983c34c5,新上海(日月光中心广场店)    ,环境：8.3,服务：8.2
口味：8.0,人均：73元,12632条评论,本帮江浙菜,人民广场,    南京西路2-68号新世界城9F(近南京东路)    ,58db0ef6912eae21983c34c6,70后饭吧(人民广场店)    ,环境：8.2,服务：7.8
口味：8.3,人均：127元,9482条评论,西餐,虹桥,    茅台路179号金虹桥商场L403-L405室(近娄山关路)    ,58db0efd912eae21983c34c7,Mr Nice好好先生餐厅(金虹桥店)    ,环境：8.8,服务：8.0
口味：8.5,人均：125元,6931条评论,火锅,静安寺,    万航渡路107号(北京西路口)    ,58db0f04912eae21983c34c8,牛很鲜潮汕牛肉火锅    ,环境：8.1,服务：8.1
口味：9.2,人均：933元,2224条评论,火锅,新天地,    新天地南里黄陂南路376号(近兴业路)    ,58db0f0c912eae21983c34c9,洋房火锅(新天地店)    ,环境：9.3,服务：9.3
口味：9.1,人均：160元,11070条评论,火锅,人民广场,    金陵东路569号汇都国际广场3楼(金陵东路云南南路口，地铁八号线大世界站二号出口)    ,58db0f12912eae21983c34ca,就是泰Just Thai泰式火锅    ,环境：9.0,服务：9.1
口味：8.7,人均：390元,490条评论,其他,外滩,    中山东一路6号(外滩6号)3楼A座(近广东路)    ,58db0f3f912eae2cf8ecf658,御锦天    ,环境：9.2,服务：9.1
口味：8.8,人均：88元,8621条评论,川菜,徐家汇,    肇嘉浜路825号(近宛平南路)    ,58db0f44912eae2cf8ecf659,渝香情绿色怀旧餐厅(徐家汇店)    ,环境：8.9,服务：8.6
口味：8.5,人均：111元,6281条评论,本帮江浙菜,打浦桥,    徐家汇路618号日月光中心广场4楼(近泰康路)    ,58db0f4b912eae2cf8ecf65a,新上海(日月光中心广场店)    ,环境：8.3,服务：8.2
口味：8.3,人均：127元,9482条评论,西餐,虹桥,    茅台路179号金虹桥商场L403-L405室(近娄山关路)    ,58db0f52912eae2cf8ecf65b,Mr Nice好好先生餐厅(金虹桥店)    ,环境：8.8,服务：8.0
口味：8.0,人均：73元,12632条评论,本帮江浙菜,人民广场,    南京西路2-68号新世界城9F(近南京东路)    ,58db0f59912eae2cf8ecf65c,70后饭吧(人民广场店)    ,环境：8.2,服务：7.8
口味：9.2,人均：933元,2224条评论,火锅,新天地,    新天地南里黄陂南路376号(近兴业路)    ,58db0f60912eae2cf8ecf65d,洋房火锅(新天地店)    ,环境：9.3,服务：9.3
口味：8.5,人均：125元,6931条评论,火锅,静安寺,    万航渡路107号(北京西路口)    ,58db0f66912eae2cf8ecf65e,牛很鲜潮汕牛肉火锅    ,环境：8.1,服务：8.1
口味：9.1,人均：463元,376条评论,火锅,淮海路,    茂名南路46号2楼    ,58db0f6d912eae2cf8ecf65f,楼上火锅,环境：8.7,服务：9.0
口味：9.1,人均：160元,11070条评论,火锅,人民广场,    金陵东路569号汇都国际广场3楼(金陵东路云南南路口，地铁八号线大世界站二号出口)    ,58db0f74912eae2cf8ecf660,就是泰Just Thai泰式火锅    ,环境：9.0,服务：9.1
口味：9.1,人均：495元,770条评论,日本菜,光启城,    宜山路455号光启城时尚购物中心4层(凯旋路)    ,58db0f78912eae2cf8ecf661,蟹的田屋(光启城时尚购物中心店)    ,环境：9.1,服务：9.1
口味：9.2,人均：376元,1438条评论,日本菜,龙柏地区,    金汇路538号金汇四季广场四楼离十号线龙柏新村约10分钟    ,58db0f7f912eae2cf8ecf662,荣新馆(3号店)    ,环境：9.3,服务：9.2
口味：9.2,人均：377元,3640条评论,日本菜,虹桥镇,    吴中路369号美恒大厦2楼(近桂林路)    ,58db0f84912eae2cf8ecf663,万岛日本料理铁板烧(吴中店)    ,环境：9.2,服务：9.2
口味：9.3,人均：66元,402条评论,西餐,北区汽车站,    中山北路756号(达人湾创意园区沿街商铺)    ,58db0f8b912eae2cf8ecf664,O2ZONE氧舍(中山北路店),环境：9.3,服务：9.4
口味：9.1,人均：912元,3711条评论,西餐,外滩,    广东路20号外滩5号4楼    ,58db0f8f912eae2cf8ecf665,茹丝葵牛排馆    ,环境：9.2,服务：9.2
口味：9.1,人均：372元,22601条评论,日本菜,虹桥,    兴义路48号新世纪广场A座3楼(娄山关路)    ,58db0f95912eae2cf8ecf666,荣新馆(1号店)    ,环境：9.1,服务：9.2
口味：9.0,人均：167元,4485条评论,粤菜,虹桥,    遵义路150号(虹桥南丰城北区6楼)    ,58db0f9f912eae2cf8ecf667,香港百合居    ,环境：9.0,服务：8.7
口味：9.1,人均：556元,669条评论,西餐,淮海路,    复兴中路532号靠近思南路(提供泊车)    ,58db0fa4912eae2cf8ecf668,LUNETTE BY AMANDA(淮海路店)    ,环境：9.3,服务：9.2
口味：9.1,人均：318元,1979条评论,本帮江浙菜,南京西路,    南京西路688号恒基688广场L2(青海路)    ,58db0fab912eae2cf8ecf669,新荣记(南京西路688店),环境：9.1,服务：9.0
口味：9.1,人均：663元,1161条评论,素菜,中山公园,    愚园路1037号(近江苏路)    ,58db0fb2912eae2cf8ecf66a,福和慧    ,环境：9.3,服务：9.2
口味：9.2,人均：430元,7510条评论,日本菜,龙柏地区,    虹井路288号乐虹坊4楼401    ,58db0fb9912eae2cf8ecf66b,酒吞(虹井路二馆)    ,环境：9.3,服务：9.1
口味：9.2,人均：72元,364条评论,川菜,打浦桥,    斜徐路585号(近丽园路、鲁班路、大同花园)    ,58db0fc1912eae2cf8ecf66c,付小姐在成都(打浦桥总店),环境：8.9,服务：9.1
口味：9.1,人均：131元,2776条评论,火锅,莘庄,    沪闵路6088号龙之梦购物中心3层    ,58db0fc7912eae2cf8ecf66d,哥老官重庆美蛙鱼头(莘庄龙之梦八哥店),环境：9.0,服务：9.1
口味：9.0,人均：136元,21121条评论,火锅,打浦桥,    徐家汇路618号日月光中心5F-RJ01室瑞金区    ,58db0fcd912eae2cf8ecf66e,哥老官重庆美蛙鱼头(日月光大哥店)    ,环境：8.6,服务：8.8
口味：9.1,人均：380元,8004条评论,日本菜,外滩,    四川中路33号创业大楼1楼    ,58db0fd2912eae2cf8ecf66f,万岛日本料理铁板烧(外滩店)    ,环境：9.0,服务：9.1
口味：9.1,人均：259元,188条评论,西餐,淮海路,    淮海中路93-99号大上海时代广场3层    ,58db0fd9912eae2cf8ecf670,esee Lounge(大上海时代广场店)    ,环境：9.3,服务：9.2
口味：9.2,人均：130元,169条评论,火锅,大华地区,    大华一路239弄大华虎城商务中心2号楼301室    ,58db0fe0912eae2cf8ecf671,海底捞火锅(大华店),环境：9.3,服务：9.3
口味：8.9,人均：116元,8417条评论,西餐,徐家汇,    肇嘉浜路1111号美罗城1F美罗内街(哈根达斯斜对面，美罗城外侧)    ,58db0fe8912eae2cf8ecf672,CrazyOnes西班牙海鲜饭(美罗城店)    ,环境：9.0,服务：9.0
口味：9.0,人均：362元,10797条评论,日本菜,虹桥,    兴义路48号新世纪广场B座1楼    ,58db0fed912eae2cf8ecf673,荣新馆(2号店)    ,环境：9.0,服务：9.0
口味：9.1,人均：135元,12935条评论,火锅,虹口足球场,    西江湾路388号龙之梦购物中心6层    ,58db0ff4912eae2cf8ecf674,哥老官重庆美蛙鱼头(虹口龙之梦五哥店)    ,环境：8.9,服务：9.0
口味：8.6,人均：459元,3157条评论,西餐,北外滩,    东大名路500号三楼(近旅顺路)    ,58db0ffb912eae2cf8ecf675,尚9・一滴水(Sun Studio)    ,环境：9.2,服务：9.0
口味：9.1,人均：4867元,479条评论,西餐,外滩,    中山东一路18号6楼    ,58db1008912eae2cf8ecf676,Ultra Violet,环境：9.2,服务：9.3
口味：9.0,人均：135元,20351条评论,火锅,人民广场,    金陵东路569号汇都国际广场3楼(近西藏南路)    ,58db100c912eae2cf8ecf677,哥老官重庆美蛙鱼头(人民广场二哥店)    ,环境：8.2,服务：8.6
口味：9.1,人均：141元,4851条评论,日本菜,五角场/大学区,    国定路428号(复旦大学东门对面)    ,58db1013912eae2cf8ecf678,大馥 ・ 炭火烧肉屋(新五角场店)    ,环境：8.4,服务：9.0
口味：8.8,人均：171元,569条评论,西餐,外滩,    汉口路11号(外滩海关大楼钟楼)    ,58db1018912eae2cf8ecf679,1886汽车主题德国餐厅(外滩13号店)    ,环境：9.2,服务：8.9
口味：9.1,人均：142元,3461条评论,日本菜,新天地,    马当路388号SOHO复兴广场B1-23室(近新天地时尚购物广场)    ,58db101e912eae2cf8ecf67a,烧肉达人(SOHO复兴店)    ,环境：9.1,服务：9.1
口味：9.2,人均：423元,7932条评论,日本菜,龙柏地区,    虹井路280弄2号1楼(虹桥晶座)    ,58db1025912eae2cf8ecf67b,酒吞(虹井路一馆)    ,环境：9.2,服务：9.0
口味：8.8,人均：149元,8436条评论,西餐,外滩,    中山东二路531号B116(外滩十六铺码头商业中心下沉式广场)    ,58db102c912eae2cf8ecf67c,1886汽车主题德国餐厅(外滩十六铺码头店)    ,环境：9.1,服务：9.1
口味：9.0,人均：135元,9890条评论,火锅,长寿路,    长寿路155号巴黎春天6F-08A室(近陕西北路)    ,58db1032912eae2cf8ecf67d,哥老官重庆美蛙鱼头(长寿路四哥店)    ,环境：8.6,服务：8.8
口味：8.6,人均：335元,517条评论,粤菜,新天地,    新天地太仓路181弄8号(黄陂南路近湖滨路路口)    ,58db1038912eae2cf8ecf67e,誉八仙茶室酒楼    ,环境：9.3,服务：9.1
口味：9.0,人均：114元,7272条评论,本帮江浙菜,肇嘉浜路沿线,    肇嘉浜路407号(近小木桥路)    ,58db103e912eae2cf8ecf67f,人和馆    ,环境：9.2,服务：9.0
口味：9.1,人均：376元,8133条评论,日本菜,静安寺,    乌鲁木齐北路480号万泰国际5楼(上海宾馆对面)    ,58db1045912eae2cf8ecf680,万岛日本料理铁板烧(静安店)    ,环境：8.9,服务：9.1
口味：9.1,人均：647元,664条评论,日本菜,陆家嘴,    陆家嘴西路168号5F26B(陆家嘴西路，富城路)    ,58db104c912eae2cf8ecf681,蟹的田屋(正大广场店)    ,环境：9.1,服务：9.0
口味：9.2,人均：655元,178条评论,日本菜,大宁地区,    共和新路1918号大宁国际商业广场6座4F(会员中心楼上)    ,58db1052912eae2cf8ecf682,蟹的田屋(大宁国际店),环境：9.2,服务：9.2
口味：9.1,人均：56元,352条评论,咖啡厅,徐汇区,    永康路46号    ,58db1057912eae2cf8ecf683,tea funny泡茶店,环境：9.1,服务：9.1
口味：8.8,人均：369元,5400条评论,其他,音乐学院,    淮海中路999号环贸iapm商场L6室(近陕西南路)    ,58db105e912eae2cf8ecf684,大董(环贸iapm店)    ,环境：9.0,服务：8.8
口味：9.2,人均：155元,5307条评论,火锅,八佰伴,    崂山路588号(96广场后面，近宝安大厦、潍坊路)    ,58db106f912eae2cf8ecf685,纯味斑鱼府(浦东店)    ,环境：8.8,服务：9.0
口味：9.2,人均：53元,408条评论,韩国料理,静安寺,    胶州路129号(北京西路口)    ,58db1079912eae2cf8ecf686,SURA,环境：8.8,服务：9.2
口味：9.1,人均：519元,3975条评论,日本菜,徐家汇,    衡山路932号太平洋百货8楼(近华山路)    ,58db107f912eae2cf8ecf687,蟹的田屋(太平洋百货店)    ,环境：9.1,服务：9.1
口味：9.1,人均：613元,2787条评论,日本菜,南京东路,    南京东路299号宏伊国际广场5层(近河南中路)    ,58db107f912eae2cf8ecf688,蟹的田屋(宏伊国际广场店)    ,环境：9.1,服务：9.0
口味：8.8,人均：67元,283条评论,面包甜点,复兴西路/丁香花园,    长乐路1238号    ,58db1085912eae2cf8ecf689,Something Sweet,环境：9.0,服务：9.1
口味：9.1,人均：191元,2510条评论,西餐,迪士尼,    迪士尼小镇（百老汇广场）申迪西路255弄720号    ,58db108c912eae2cf8ecf68a,The Cheesecake Factory 芝乐坊餐厅(迪士尼小镇店)    ,环境：9.1,服务：9.0
口味：9.1,人均：163元,345条评论,西餐,南京西路,    大沽路380号    ,58db1092912eae2cf8ecf68b,Sweet Talker西餐厅(静安店)    ,环境：9.1,服务：9.3
口味：8.2,人均：354元,4482条评论,其他,陆家嘴,    世纪大道8号上海国金中心丽思卡尔顿酒店58楼(东泰路与世纪大道)    ,58db1098912eae2cf8ecf68c,Flair rooftop顶层餐厅酒吧    ,环境：9.2,服务：8.9
口味：9.1,人均：654元,1631条评论,日本菜,外滩,    广东路20号外滩5号5楼(近中山东一路)    ,58db109e912eae2cf8ecf68d,老乾杯(外滩本店)    ,环境：9.1,服务：9.2
口味：8.9,人均：319元,6944条评论,粤菜,外滩,    北京东路99号益丰?外滩源4层    ,58db10a4912eae2cf8ecf68e,御宝轩(益丰?外滩源店)    ,环境：9.1,服务：8.5
口味：9.2,人均：224元,1153条评论,火锅,淮海路,    淮海中路283号香港广场南座4层    ,58db10aa912eae2cf8ecf68f,红鼎海鲜捞(香港广场淮海中路店)    ,环境：9.3,服务：9.3
口味：9.0,人均：793元,919条评论,西餐,外滩,    金陵东路1号23楼    ,58db10b0912eae2cf8ecf690,da Ivo 意大利餐厅    ,环境：9.3,服务：9.1
口味：9.1,人均：124元,301条评论,火锅,淮海路,    淮海中路1号美食不夜城3F    ,58db10b6912eae2cf8ecf691,川殿成都火锅    ,环境：9.1,服务：9.1
口味：9.0,人均：687元,2891条评论,粤菜,外滩,"    中山东一路18号外滩18号5层(近南京东路, 地铁2&10号线南京东路)    ",58db10ba912eae2cf8ecf692,Hakkasan,环境：9.2,服务：9.0
口味：9.1,人均：137元,4395条评论,火锅,人民广场,    南京东路830号第一百货五楼    ,58db10be912eae2cf8ecf693,海底捞火锅(南京东路店)    ,环境：9.1,服务：9.2
口味：8.9,人均：137元,3200条评论,火锅,世博源,    世博大道450号(近雪野路，洲际酒店对面)    ,58db10cc912eae2cf8ecf694,南门涮肉(上海店)    ,环境：8.9,服务：8.5
口味：9.0,人均：147元,811条评论,西餐,新天地,    淡水路210号(自忠路、复兴中路)    ,58db10d2912eae2cf8ecf695,Monga Bistro    ,环境：8.4,服务：9.0
口味：9.0,人均：96元,726条评论,其他,淮海路,    兴安路96弄28号(靠雁荡路)    ,58db10d7912eae2cf8ecf696,司厨    ,环境：8.5,服务：9.1
口味：8.9,人均：89元,198条评论,日本菜,新天地,    湖滨路168号L2层W01    ,58db10df912eae2cf8ecf697,觉米ChewMii,环境：9.3,服务：9.1
口味：9.0,人均：129元,7287条评论,火锅,五角场/大学区,    邯郸路585号苏宁电器五层    ,58db10e7912eae2cf8ecf698,海底捞火锅(五角场店)    ,环境：9.1,服务：9.2
口味：9.1,人均：546元,346条评论,日本菜,虹桥,"
    仙霞路99号尚嘉中心3层
    ",58db10ea912eae2cf8ecf699,"
蟹的田屋(尚嘉中心店)
    ",环境：9.2,服务：8.6
口味：9.0,人均：130元,8458条评论,火锅,五角场/大学区,    黄兴路2228号上海合生国际广场3F-045室    ,58db10f0912eae2cf8ecf69a,哥老官重庆美蛙鱼头(五角场六哥店)    ,环境：8.6,服务：8.9
口味：9.0,人均：1408元,767条评论,西餐,外滩,    中山东一路外滩18号3楼    ,58db10f5912eae2cf8ecf69b,L'ATELIER de Jo?l Robuchon,环境：9.1,服务：9.2
口味：9.1,人均：214元,257条评论,日本菜,虹桥,    仙霞路8号仲盛金融中心二楼203室    ,58db10fc912eae2cf8ecf69c,烧肉伊万里,环境：9.1,服务：9.3
口味：9.1,人均：138元,7218条评论,火锅,上海影城/新华路,    定西路798号2楼    ,58db1103912eae2cf8ecf69d,哥老官重庆美蛙鱼头(定西路三哥店)    ,环境：8.2,服务：9.0
口味：9.1,人均：1132元,426条评论,日本菜,上海影城/新华路,    番禺路381号D栋105-107室(法华镇路)    ,58db110a912eae2cf8ecf69e,ANTHOLOGIA地球美食剧场    ,环境：9.3,服务：9.2
口味：9.1,人均：347元,2083条评论,日本菜,淮海路,    长乐路400号2206-208店铺\江旅[大B(茂名南路口)    ,58db1110912eae2cf8ecf69f,橘焱胡同烧肉夜食(长乐店)    ,环境：9.0,服务：9.1
口味：9.1,人均：190元,3644条评论,本帮江浙菜,淮海路,"
    柳林路1号兰生大厦38-39楼(近西藏南路/金陵中路)
    ",58db1116912eae2cf8ecf6a0,"
顺风港湾(兰生大厦店)
    ",环境：9.2,服务：8.8
口味：9.2,人均：407元,280条评论,日本菜,世纪公园,"
    丁香路858号丁香国际商业中心西塔3楼L308单元
    ",58db111a912eae2cf8ecf6a1,"
米亭味自慢料理(丁香国际店)
    ",环境：9.3,服务：9.2
口味：9.2,人均：222元,104条评论,本帮江浙菜,南京西路,    康定路18号(泰兴路口)    ,58db111e912eae2cf8ecf6a2,海味观    ,环境：9.1,服务：8.9
口味：9.0,人均：74元,400条评论,本帮江浙菜,黄浦区,    淮海中路939号巴黎春天5楼(近陕西南路)    ,58db112b912eae2cf8ecf6a3,老头儿油爆虾(巴黎春天淮海店),环境：8.6,服务：8.8
口味：9.1,人均：315元,886条评论,日本菜,七宝,    漕宝路3366号七宝万科广场4层    ,58db1131912eae2cf8ecf6a4,酒吞(七宝万科广场店),环境：9.1,服务：9.0
口味：9.0,人均：107元,14435条评论,川菜,徐家汇,    漕溪北路339号百脑汇2期徐汇店B1楼(地铁5号出口旁)    ,58db1137912eae2cf8ecf6a5,红辣椒(徐家汇店)    ,环境：9.1,服务：9.3
口味：9.0,人均：378元,1233条评论,日本菜,大宁地区,    万荣路777号大宁音乐广场F座4F401    ,58db113e912eae2cf8ecf6a6,万岛日本料理铁板烧(大宁店)    ,环境：8.7,服务：9.1
口味：9.0,人均：172元,2753条评论,火锅,中山公园,    延安西路1394号(定西路口)    ,58db1142912eae2cf8ecf6a7,黄门老灶火锅    ,环境：9.0,服务：8.9
口味：9.1,人均：396元,1017条评论,日本菜,新天地,    济南路9号103(太仓路58号对面)    ,58db1149912eae2cf8ecf6a8,黑门和牛,环境：9.1,服务：9.2
口味：8.6,人均：189元,5885条评论,粤菜,大悦城,    西藏北路198号大悦城北座7楼    ,58db114e912eae2cf8ecf6a9,誉八仙(大悦城店)    ,环境：9.0,服务：9.0
口味：9.1,人均：646元,1488条评论,日本菜,静安寺,    愚园路144号    ,58db1155912eae2cf8ecf6aa,蟹的田屋(静安店)    ,环境：9.1,服务：9.2
口味：9.1,人均：151元,4617条评论,火锅,长寿路,    胶州路859号1-3楼近安远路(地铁长寿路站5号出口新会路往西步行200米)    ,58db115b912eae2cf8ecf6ab,凯达石斑鱼打边炉(长寿路店)    ,环境：8.3,服务：9.3
口味：9.0,人均：137元,3171条评论,其他,人民广场,    九江路663号人民大舞台5楼(广西北路)    ,58db1161912eae2cf8ecf6ac,意难忘融合菜    ,环境：9.0,服务：9.3
口味：9.0,人均：133元,10426条评论,火锅,八佰伴,    张杨路620号中融恒瑞大厦六层(近南泉北路)    ,58db1167912eae2cf8ecf6ad,海底捞火锅(张杨路店)    ,环境：9.0,服务：9.2
口味：8.9,人均：754元,1995条评论,西餐,音乐学院,    淮海中路999号环贸iapm商场L4-403(近襄阳南路)    ,58db116b912eae2cf8ecf6ae,莫尔顿海鲜牛排坊    ,环境：9.1,服务：9.1
口味：9.1,人均：378元,4758条评论,日本菜,淮海路,    长乐路400号锦江旅游大厦2楼(近茂名南路)    ,58db1170912eae2cf8ecf6af,万岛日本料理铁板烧(锦江店)    ,环境：8.9,服务：9.1
口味：9.0,人均：208元,2756条评论,自助餐,虹桥,    虹许路358号天禧嘉福璞缇客酒店1楼(近吴中路)    ,58db1176912eae2cf8ecf6b0,Café Brio咖啡厅・天禧嘉福璞缇客酒店    ,环境：9.2,服务：9.1
口味：9.0,人均：87元,426条评论,川菜,八佰伴,    张杨路501号第一八佰伴7楼    ,58db117d912eae2cf8ecf6b1,蛙遇―炭烧牛蛙(八佰伴店)    ,环境：9.1,服务：9.0
口味：9.0,人均：129元,5363条评论,日本菜,静安寺,    愚园路68号晶品购物广场4楼(静安寺)    ,58db1189912eae2cf8ecf6b2,Maki House(晶品店),环境：8.1,服务：8.1
口味：9.1,人均：1724元,851条评论,日本菜,复兴西路/丁香花园,    高邮路50弄5号(近湖南路)    ,58db1190912eae2cf8ecf6b3,l一    ,环境：9.1,服务：9.2
口味：9.2,人均：705元,514条评论,本帮江浙菜,动物园/虹桥机场,    虹桥路1950号(近虹许路)    ,58db1196912eae2cf8ecf6b4,西郊壹号    ,环境：9.4,服务：9.2
口味：9.2,人均：107元,95条评论,火锅,静安寺,    愚园东路20号东海广场3号楼斜对面4号楼烤来烤趣2楼    ,58db119b912eae2cf8ecf6b5,八道湾渔蛙馆(静安总店)    ,环境：8.2,服务：8.5
口味：9.0,人均：112元,13938条评论,川菜,月星环球港,    中山北路3300号月星环球港4楼L4059号商铺    ,58db11a1912eae2cf8ecf6b6,天辣绿色时尚餐厅(月星环球港店)    ,环境：9.0,服务：8.8
口味：9.0,人均：132元,5974条评论,火锅,徐家汇,    华山路2068号百联徐汇商务广场南5楼(近徐家汇地铁站)    ,58db11a6912eae2cf8ecf6b7,海底捞火锅(华山路店)    ,环境：9.0,服务：9.2
口味：9.1,人均：111元,285条评论,火锅,南方商城,    龙茗路986号(近顾戴路)    ,58db11ad912eae2cf8ecf6b8,月光下的毡房(龙茗路店),环境：9.3,服务：9.3
口味：9.0,人均：70元,5498条评论,川菜,中山公园,    愚园路1357号(近定西路、中山公园站地铁2号线5号出口右拐直走 过路口还直走)    ,58db11b3912eae2cf8ecf6b9,付小姐在成都(中山公园店)    ,环境：8.6,服务：8.7
口味：9.1,人均：96元,310条评论,云南菜,瑞金宾馆区,    瑞金二路225弄12号(田子坊四号门)    ,58db11b8912eae2cf8ecf6ba,云栖・海棠(田子坊店),环境：9.1,服务：9.2
口味：8.9,人均：164元,2846条评论,西餐,静安寺,    愚园路96号愚园108美食广场2楼二号线静安寺三号口    ,58db11c0912eae2cf8ecf6bb,金色三麦主题餐厅(上海静安店)    ,环境：9.2,服务：9.0
口味：9.1,人均：89元,13878条评论,川菜,上南地区,    上南路1152-2号(三钢里)昌里路口(地铁8号线耀华路站)    ,58db11c6912eae2cf8ecf6bc,青花椒砂锅鱼(三钢里店)    ,环境：8.8,服务：9.0
口味：8.9,人均：129元,22024条评论,火锅,人民广场,    金陵东路500号亚龙国际广场5层(近8号线大世界站2号出口)    ,58db11cd912eae2cf8ecf6bd,重庆高老九火锅(人民广场店)    ,环境：8.8,服务：8.7
口味：9.2,人均：123元,2689条评论,火锅,万源城/东兰路,    龙茗路1300弄58号古美生活购物广场三层(古龙路口)    ,58db11d3912eae2cf8ecf6be,海底捞火锅(龙茗路店)    ,环境：9.2,服务：9.3
口味：8.8,人均：434元,1782条评论,西餐,静安寺,    胶州路149弄2号(近北京西路)    ,58db11d8912eae2cf8ecf6bf,蝶舍・MAISON PAPILLON    ,环境：8.9,服务：9.0
口味：9.0,人均：327元,2709条评论,本帮江浙菜,淮海路,    淮海中路138号上海广场5楼503商铺(近普安路)    ,58db11dc912eae2cf8ecf6c0,新荣记(上海广场店)    ,环境：8.9,服务：8.7
口味：9.1,人均：1002元,380条评论,本帮江浙菜,中山公园,    愚园路1015号    ,58db11e8912eae2cf8ecf6c1,福1015,环境：9.3,服务：9.1
口味：9.1,人均：151元,368条评论,烧烤,长寿路,    长寿路445号(近亚新生活广场)    ,58db11ee912eae2cf8ecf6c2,厚牛舌烧肉    ,环境：9.1,服务：9.1
口味：9.0,人均：78元,147条评论,西北菜,徐家汇,    宛平南路108号永丰国际广场E栋银座3楼305室(宛平南路辛耕路)    ,58db11f3912eae2cf8ecf6c3,阿拉兰主题餐厅(宛平88店),环境：9.0,服务：9.2
口味：8.8,人均：328元,2416条评论,西餐,静安寺,    巨鹿路768号1楼(近富民路)    ,58db11f8912eae2cf8ecf6c4,Mustache    ,环境：9.0,服务：8.7
口味：9.1,人均：142元,10975条评论,火锅,静安寺,    南京西路1788号1楼(静安寺地铁站旁)    ,58db11ff912eae2cf8ecf6c5,小三宝火锅(静安寺店)    ,环境：9.1,服务：9.1
口味：8.9,人均：150元,8570条评论,火锅,徐汇区,    淮海西路555号汇京国际广场109-112室    ,58db1206912eae2cf8ecf6c6,沪小胖爱上哥老官(徐汇店)    ,环境：8.6,服务：8.9
口味：9.0,人均：133元,7783条评论,火锅,中山公园,    长宁路1018号中山公园龙之梦6F-045室    ,58db120a912eae2cf8ecf6c7,哥老官重庆美蛙鱼头(长宁龙之梦七哥店)    ,环境：8.4,服务：8.8
口味：9.3,人均：1183元,90条评论,其他,世纪公园,    芳甸路777号往北第二个路口右转，第一栋281号(御翠园西门)    ,58db1211912eae2cf8ecf6c8,樽宴    ,环境：9.2,服务：9.2
口味：8.8,人均：398元,186条评论,西餐,淮海路,    淮海中路282号香港广场北座雅诗阁酒店6层    ,58db1216912eae2cf8ecf6c9,Highline    ,环境：9.2,服务：9.0
口味：9.1,人均：385元,2716条评论,日本菜,世纪公园,    锦绣路2486弄2号楼星河湾商业街(近前程路)    ,58db121d912eae2cf8ecf6ca,九井日本料理(锦绣路店),环境：9.2,服务：9.0
口味：9.0,人均：95元,1244条评论,火锅,静安寺,    南京西路1818号(1788国际大厦F301单元)    ,58db1224912eae2cf8ecf6cb,一叶一世界藏茶素食火锅(上海静安寺店)    ,环境：9.1,服务：9.1
口味：9.0,人均：436元,3092条评论,粤菜,静安寺,    南京西路1601号芮欧百货3-4楼(近常德路)    ,58db122b912eae2cf8ecf6cc,晶采轩(芮欧百货店)    ,环境：9.2,服务：8.5
口味：9.0,人均：609元,1301条评论,西餐,打浦桥,    蒙自路29号(近徐家汇路，地铁9号线马当路站)    ,58db1232912eae2cf8ecf6cd,壳里西餐厅Coquille Seafood Bistro(壳里西餐厅)    ,环境：9.0,服务：9.0
口味：9.1,人均：138元,13553条评论,火锅,同乐坊,    武定路1052号(胶州路口，7号线昌平路站3号出口)    ,58db1237912eae2cf8ecf6ce,捞王锅物料理(静安店)    ,环境：9.0,服务：9.1
口味：9.0,人均：173元,466条评论,日本菜,八佰伴,    浦电路318号(近崂山路)    ,58db123f912eae2cf8ecf6cf,亚洲烧肉公司    ,环境：8.8,服务：9.0
口味：9.1,人均：127元,3554条评论,火锅,大宁地区,    沪太路785号14幢新华园五层    ,58db124b912eae2cf8ecf6d0,海底捞火锅(沪太路店)    ,环境：9.2,服务：9.3
口味：9.1,人均：93元,177条评论,烧烤,外滩,    外马路458弄靠近毛家园路路口(老码头园区5号楼1，2楼DNAcafe内)    ,58db1250912eae2cf8ecf6d1,大肆撸串｜精酿啤酒后花园(老码头店),环境：9.2,服务：9.0
口味：9.0,人均：345元,2821条评论,本帮江浙菜,新天地,    黄陂南路373号(中共一大会址对面)    ,58db1257912eae2cf8ecf6d2,上海滩餐厅(新天地店)    ,环境：9.2,服务：8.9
口味：8.8,人均：249元,3660条评论,日本菜,八佰伴,"
    商城路618号28f(近9号线)
    ",58db125e912eae2cf8ecf6d3,"
桃山日本料理铁板烧
    ",环境：9.1,服务：8.9
口味：9.0,人均：82元,7017条评论,火锅,中山公园,    定西路1306号二楼(近安化路)    ,58db1265912eae2cf8ecf6d4,百素・我家酸菜鱼(中山公园一店)    ,环境：8.7,服务：8.6
口味：8.7,人均：133元,8239条评论,火锅,打浦桥,    打浦路1号金玉兰广场四层(徐家汇路口)    ,58db126b912eae2cf8ecf6d5,海底捞火锅(打浦路店)    ,环境：8.8,服务：9.1
口味：9.0,人均：98元,317条评论,火锅,静安区,"
    汶水路708号(近高平路)
    ",58db1272912eae2cf8ecf6d6,"
炉得香果木北京烤鸭火锅
    ",环境：8.6,服务：8.2
口味：9.2,人均：2083元,232条评论,日本菜,淮海路,    永福路127号(复兴西路)    ,58db1278912eae2cf8ecf6d7,Sushi Yano    ,环境：9.0,服务：9.3
口味：8.9,人均：248元,123条评论,西餐,南京西路,    茂名北路249号(吴江路)    ,58db127f912eae2cf8ecf6d8,上海硬石餐厅Hard Rock Cafe    ,环境：9.1,服务：9.1
口味：9.1,人均：433元,580条评论,日本菜,淮海路,    淮海中路282号香港广场北座4楼402单元(地铁1号线黄陂南路2号口出)    ,58db1284912eae2cf8ecf6d9,蟹本家(香港广场淮海中路店)    ,环境：9.1,服务：9.1
口味：9.1,人均：92元,215条评论,其他,虹桥枢纽,    申长路668号冠捷大厦慧家广场B1层(舟虹路)    ,58db1288912eae2cf8ecf6da,南笙馆    ,环境：9.2,服务：9.1
口味：9.0,人均：284元,1193条评论,蟹宴,上海影城/新华路,    凯旋路1266号(近安顺路)    ,58db128f912eae2cf8ecf6db,蟹家大院(凯旋店)    ,环境：8.9,服务：9.0
口味：9.0,人均：392元,2787条评论,自助餐,静安寺,    延安中路1111号延安饭店首层(静安嘉里中心斜对面，在华山路和富民路当中一段的延安中路上。)    ,58db1293912eae2cf8ecf6dc,海鲜鱼市SEAFOOD WHARF(延安饭店店)    ,环境：8.8,服务：9.1
口味：9.1,人均：161元,273条评论,本帮江浙菜,七宝,    漕宝路3366号七宝万科广场[L438]    ,58db129b912eae2cf8ecf6dd,汉舍中国菜馆(七宝万科店)    ,环境：9.1,服务：8.7
口味：9.1,人均：624元,64条评论,日本菜,八佰伴,    福山路312号大都会商场地下1楼101室(地铁2、4、6、9号线世纪大道站B区5号出口)    ,58db12a1912eae2cf8ecf6de,蟹的田屋(世纪大都会店),环境：9.1,服务：8.9
口味：9.0,人均：234元,187条评论,本帮江浙菜,浦东新区,    世纪大道88号金茂大厦裙房31-05    ,58db12ae912eae2cf8ecf6df,圆苑(金茂店),环境：9.1,服务：8.2
口味：9.0,人均：116元,201条评论,东南亚菜,陆家嘴,    银城中路501号上海中心商场B2    ,58db12b2912eae2cf8ecf6e0,乐新经典,环境：9.1,服务：9.2
口味：9.0,人均：176元,249条评论,日本菜,五角场/大学区,    大学路109-111号    ,58db12b6912eae2cf8ecf6e1,阿吾罗枥木日式烧肉,环境：9.2,服务：9.1
口味：9.1,人均：125元,1170条评论,火锅,中山公园,    长宁路1018号龙之梦购物中心6楼    ,58db12bd912eae2cf8ecf6e2,左庭右院鲜牛肉火锅(龙之梦购物中心店)    ,环境：9.0,服务：9.0
口味：8.5,人均：100元,1559条评论,本帮江浙菜,徐汇区,    肇嘉浜路1111号美罗城四楼(观光电梯直达)    ,58db12c1912eae2cf8ecf6e3,虫二酒肆@桂满陇(美罗城店),环境：9.1,服务：9.0
口味：9.0,人均：265元,5274条评论,东南亚菜,人民广场,    西藏中路268号来福士广场L6-02(近福州路)    ,58db12c8912eae2cf8ecf6e4,新肴珍宝海鲜(来福士店)    ,环境：8.9,服务：9.0
口味：8.9,人均：60元,99条评论,西餐,五角场/大学区,    殷高东路703号沿街近淞沪路(星汇广场)    ,58db12ce912eae2cf8ecf6e5,Mr.cat创意主题餐厅    ,环境：9.1,服务：9.0
口味：9.0,人均：194元,1417条评论,日本菜,虹桥,    古羊路451-2号(近姚虹路)    ,58db12d4912eae2cf8ecf6e6,万藏烧肉店    ,环境：8.6,服务：8.1
口味：8.9,人均：71元,4129条评论,川菜,八佰伴,    乳山路76号(近南泉北路.东昌路地铁站2号出口)    ,58db12d9912eae2cf8ecf6e7,付小姐在成都(东昌路店)    ,环境：8.3,服务：8.7
口味：9.1,人均：137元,2680条评论,火锅,淮海路,    淮海中路939号巴黎春天5层    ,58db12e0912eae2cf8ecf6e8,捞王锅物料理(巴黎春天淮海店),环境：9.1,服务：9.1
口味：9.1,人均：202元,406条评论,西餐,南京西路,    威海路425号1层(近石门一路)    ,58db12e5912eae2cf8ecf6e9,T-Plus Restaurant&bar    ,环境：8.8,服务：9.0
口味：9.0,人均：344元,5037条评论,日本菜,五角场/大学区,    淞沪路8号百联又一城7楼    ,58db12e8912eae2cf8ecf6ea,花隐日式怀石料理(上海五角场店)    ,环境：9.2,服务：9.1
口味：9.1,人均：101元,2214条评论,海鲜,静安寺,    南京西路1515号静安嘉里中心南区B1层(地铁静安寺站旁)    ,58db12ef912eae2cf8ecf6eb,Moosan 木桑水产(静安嘉里中心店)    ,环境：8.8,服务：9.0
口味：9.0,人均：95元,11630条评论,新疆菜,陆家嘴,    陆家嘴西路168号（近东方明珠）正大广场2楼(陆家嘴地铁站)    ,58db12f4912eae2cf8ecf6ec,耶里夏丽(正大广场店)    ,环境：9.0,服务：8.6
口味：9.0,人均：53元,320条评论,西餐,复兴西路/丁香花园,    武康路376号6楼    ,58db12fb912eae2cf8ecf6ed,Yogalicious,环境：9.3,服务：9.2
口味：9.1,人均：81元,62条评论,烧烤,静安寺,    江宁路828号靠近海防路(上海银行旁)    ,58db130a912eae2cf8ecf6ee,大肆撸串|江湖焖烤派(江宁路店),环境：8.5,服务：9.1
口味：9.0,人均：250元,2871条评论,素菜,城隍庙,    中山东二路外滩22号4楼    ,58db130e912eae2cf8ecf6ef,大蔬无界・上海外滩和美馆    ,环境：9.2,服务：9.2
口味：8.8,人均：155元,9105条评论,东南亚菜,五角场/大学区,    淞沪路303号创智天地三期1栋2楼    ,58db1315912eae2cf8ecf6f0,胡姬兰    ,环境：9.1,服务：9.0
口味：8.5,人均：495元,3394条评论,西餐,北外滩,    黄浦路200号4楼(近青浦路)    ,58db131d912eae2cf8ecf6f1,Kathleen's Waitan    ,环境：9.2,服务：8.9
口味：9.0,人均：82元,108条评论,本帮江浙菜,黄浦区,    进贤路124号    ,58db1321912eae2cf8ecf6f2,锦园,环境：8.5,服务：9.0
口味：8.9,人均：141元,4816条评论,自助餐,淮海路,    淮海中路755号3楼    ,58db1327912eae2cf8ecf6f3,牛new寿喜烧(淮海店)    ,环境：8.8,服务：8.6
口味：8.9,人均：387元,1778条评论,本帮江浙菜,上海影城/新华路,"
    新华路119弄1号(近番禺路)
    ",58db132e912eae2cf8ecf6f4,"
鹿园 MOOSE
    ",环境：9.1,服务：9.0
口味：8.6,人均：85元,26286条评论,本帮江浙菜,中山公园,    长宁路1018号龙之梦购物中心8楼(近凯旋路)    ,58db1333912eae2cf8ecf6f5,桂满陇―南宋御街(龙之梦购物中心店)    ,环境：9.0,服务：8.3
口味：9.0,人均：91元,793条评论,韩国料理,松江大学城,    新松江路1292弄110-116号(东明广场2楼)    ,58db1337912eae2cf8ecf6f6,?????? 春川一只鸡(松江大学城店)    ,环境：9.1,服务：9.1
口味：8.7,人均：614元,493条评论,西餐,静安寺,    南京西路1376号上海商城2层(波特曼丽思卡尔顿酒店东峰212室)    ,58db133c912eae2cf8ecf6f7,Alan Wong’s Shanghai    ,环境：9.1,服务：9.1
口味：8.9,人均：143元,3214条评论,火锅,人民广场,    南京西路258号世茂商都6楼(近黄河路)    ,58db1342912eae2cf8ecf6f8,邂逅丽江斑鱼火锅(人民广场店)    ,环境：9.0,服务：8.8
口味：9.0,人均：393元,6221条评论,东南亚菜,淮海路,    淮海中路999号环贸iapm商场5层(近陕西南路)    ,58db1348912eae2cf8ecf6f9,新肴珍宝海鲜(环贸iapm商场店)    ,环境：9.0,服务：8.7
口味：9.1,人均：319元,757条评论,本帮江浙菜,虹桥枢纽,    申长路900号2号楼B栋1-2楼(招商银行地下停车场入口)    ,58db134f912eae2cf8ecf6fa,上海滩餐厅(虹桥店)    ,环境：9.2,服务：8.9
口味：9.1,人均：42元,177条评论,西餐,五角场/大学区,    政旦东路4号    ,58db1355912eae2cf8ecf6fb,瓜牛(五角场店)    ,环境：9.1,服务：9.0
口味：9.1,人均：121元,1148条评论,火锅,五角场/大学区,    国济路28号顺达楼4楼(地铁10号线江湾体育场2号口)    ,58db1358912eae2cf8ecf6fc,重庆高老九火锅(五角场国济店)    ,环境：9.1,服务：9.1
口味：9.1,人均：69元,228条评论,本帮江浙菜,五角场/大学区,    淞沪路98号平盛生活时尚广场3楼    ,58db1367912eae2cf8ecf6fd,蟹小胖肉蟹煲(五角场店)    ,环境：9.2,服务：9.3
口味：9.1,人均：310元,581条评论,日本菜,虹桥,    遵义路100号虹桥南丰城5层    ,58db136e912eae2cf8ecf6fe,煮S日式涮涮锅(虹桥南丰城店)    ,环境：9.2,服务：9.3
口味：8.8,人均：69元,1408条评论,西餐,五角场/大学区,    国定路333号三号湾广场2楼(近邯郸路)    ,58db1374912eae2cf8ecf6ff,La Bamba    ,环境：8.7,服务：8.8
口味：9.0,人均：95元,280条评论,火锅,大华地区,    大华路518号大华虎城嘉年华广场B1层    ,58db137b912eae2cf8ecf700,我从远方来泰式海鲜火锅(大华虎城嘉年华店),环境：9.1,服务：9.1
口味：9.1,人均：140元,1584条评论,火锅,曹家渡,    长寿路1118号芳汇广场4楼    ,58db1382912eae2cf8ecf701,海底捞火锅(芳汇店)    ,环境：9.1,服务：9.2
口味：8.9,人均：46元,549条评论,西餐,陆家嘴,    世纪大道55号东方浮庭1F-1室    ,58db1387912eae2cf8ecf702,Taco Bell 塔可贝尔(陆家嘴店),环境：9.0,服务：9.0
口味：8.5,人均：184元,9047条评论,其他,静安寺,    巨鹿路791号(近富民路)    ,58db138d912eae2cf8ecf703,HOME'S    ,环境：8.0,服务：8.0
口味：9.1,人均：105元,3492条评论,川菜,火车站,    芷江西路490号近普善路五月花生活广场西区5楼    ,58db1393912eae2cf8ecf704,红辣椒(静安店)    ,环境：9.2,服务：9.3
口味：9.0,人均：106元,20089条评论,川菜,八佰伴,    张杨路828号华都大厦3楼(崂山路口)    ,58db139a912eae2cf8ecf705,红辣椒(张杨路店)    ,环境：8.9,服务：9.2
口味：9.2,人均：68元,457条评论,本帮江浙菜,朱家角,    北大街240号    ,58db13a0912eae2cf8ecf706,洞天食府    ,环境：8.9,服务：9.3
口味：8.6,人均：341元,4357条评论,日本菜,打浦桥,    打浦路15号(铂尔曼大酒店49楼)    ,58db13a7912eae2cf8ecf707,芥末日本料理(打浦路铂尔曼旗舰店)    ,环境：9.1,服务：8.8
口味：8.7,人均：175元,2335条评论,本帮江浙菜,虹桥,    遵义路100号虹桥南丰城6层    ,58db13ad912eae2cf8ecf708,食庐(虹桥南丰城店)    ,环境：9.0,服务：8.9
口味：9.1,人均：51元,159条评论,日本菜,庙行/共康,    一二八纪念路1000弄万达金街125-2    ,58db13b4912eae2cf8ecf709,小西涉(万达广场宝山店),环境：8.8,服务：9.1
口味：9.1,人均：128元,297条评论,火锅,上海影城/新华路,    定西路786号(延安西路)    ,58db13bb912eae2cf8ecf70a,圈儿-潮汕牛肉火锅,环境：9.3,服务：9.3
口味：9.0,人均：207元,5936条评论,日本菜,静安寺,    南京西路1601号芮欧百货5层(常德路)    ,58db13c2912eae2cf8ecf70b,阿吾罗日本料理(芮欧百货店)    ,环境：8.9,服务：8.8
口味：9.0,人均：243元,2126条评论,日本菜,淮海路,    长乐路400号锦江国际旅游中心2F    ,58db13cf912eae2cf8ecf70c,禾牛阵    ,环境：9.1,服务：9.1
口味：8.7,人均：233元,2497条评论,西餐,衡山路,    永嘉路570号永嘉庭311单元    ,58db13d5912eae2cf8ecf70d,Brownstone Tapas & Lounge布朗石西班牙餐厅酒吧(永嘉庭店)    ,环境：9.0,服务：9.1
口味：9.2,人均：719元,2905条评论,火锅,淮海路,    淮海中路283号香港广场南座3楼    ,58db13da912eae2cf8ecf70e,季悦火锅(香港广场店)    ,环境：9.2,服务：9.2
口味：9.1,人均：534元,628条评论,日本菜,静安寺,    巨鹿路913号(近常熟路)    ,58db13e0912eae2cf8ecf70f,御京都 にほんりょうり    ,环境：9.3,服务：9.2
口味：9.0,人均：149元,6110条评论,火锅,淮海路,    成都南路127号(近淮海中路)    ,58db13e6912eae2cf8ecf710,小三宝火锅(淮海店)    ,环境：8.9,服务：9.1
口味：8.8,人均：276元,557条评论,日本菜,新天地,    太仓路58号    ,58db13ec912eae2cf8ecf711,井福日料(Ifuku)    ,环境：9.0,服务：9.1
口味：8.7,人均：418元,2530条评论,本帮江浙菜,淮海路,    巨鹿路168号(近成都南路)    ,58db13f1912eae2cf8ecf712,慧公馆MAISON DE L'HUI(巨鹿路店)    ,环境：9.2,服务：9.0
口味：9.0,人均：100元,640条评论,火锅,万源城/东兰路,    龙茗路2113号二楼(龙茗路漕宝路站)    ,58db13f7912eae2cf8ecf713,忘情水鱼头火锅    ,环境：9.2,服务：9.4
口味：8.8,人均：176元,910条评论,粤菜,八佰伴,    世纪大道1217号世纪百联购物中心5楼    ,58db13fd912eae2cf8ecf714,香港百合居,环境：9.0,服务：8.4
口味：9.0,人均：70元,246条评论,东南亚菜,打浦桥,    建国中路65弄1号    ,58db1403912eae2cf8ecf715,星洲小馆(星洲海南鸡饭)    ,环境：9.1,服务：9.1
口味：9.0,人均：467元,1140条评论,东南亚菜,陆家嘴,    世纪大道8号国金中心L3-10店铺    ,58db1407912eae2cf8ecf716,新肴珍宝海鲜(ifc店)    ,环境：8.9,服务：8.3
口味：9.0,人均：62元,395条评论,西餐,南京西路,    吴江路178号2楼(吴江路扶手电梯二楼HM后门)    ,58db140c912eae2cf8ecf717,Ole kitchen,环境：8.7,服务：9.0
口味：9.0,人均：283元,170条评论,本帮江浙菜,静安区,    常熟路115弄(长乐路与常熟路交口)    ,58db1413912eae2cf8ecf718,毛豆阿姨酒家,环境：9.2,服务：9.0
口味：8.8,人均：146元,5413条评论,粤菜,陆家嘴,    世纪大道100号上海环球金融中心3楼(近陆家嘴地铁站)    ,58db1419912eae2cf8ecf719,潮堂(上海环球金融中心店)    ,环境：8.5,服务：8.9
口味：9.3,人均：133元,112条评论,海鲜,杨浦区,    国定东路321号    ,58db1420912eae2cf8ecf71a,圈子老菜海鲜蒸坊,环境：9.3,服务：9.4
口味：9.1,人均：28元,213条评论,面包甜点,静安寺,    万航渡路238弄1号    ,58db142b912eae2cf8ecf71b,贰千金私房甜品(静安店),环境：9.0,服务：9.1
口味：9.2,人均：371元,1518条评论,烧烤,虹梅路,    虹梅路3215弄201号圣伦兰商务大楼1楼I座(红松路进淼降)    ,58db1432912eae2cf8ecf71c,橘焱胡同烧肉夜食(虹梅店)    ,环境：9.0,服务：9.2
口味：8.8,人均：163元,17131条评论,川菜,曹家渡,    万航渡路889号悦达889广场3层    ,58db1439912eae2cf8ecf71d,汉舍中国菜馆(悦达889广场店)    ,环境：9.1,服务：8.7
口味：9.1,人均：133元,2508条评论,火锅,塘桥,    浦建路118号塘桥巴黎春天百货5楼    ,58db1440912eae2cf8ecf71e,海底捞火锅(浦建路店)    ,环境：9.1,服务：9.3
口味：9.2,人均：107元,187条评论,烧烤,世纪公园,    龙汇路322号，靠近白杨路    ,58db1447912eae2cf8ecf71f,狼来了碳烤羊腿(龙汇路店),环境：9.1,服务：9.2
口味：9.0,人均：88元,2787条评论,本帮江浙菜,松江镇,    沪松公路6351号(近茸平路)    ,58db144a912eae2cf8ecf720,农家菜老大(农家乐松江店)    ,环境：8.6,服务：8.3
口味：9.1,人均：68元,3525条评论,火锅,世纪公园,    梅花路999弄后排16号    ,58db1450912eae2cf8ecf721,归蜀第成都串串料理    ,环境：8.5,服务：8.6
口味：9.0,人均：135元,1377条评论,粤菜,上海影城/新华路,    凯旋路1272号(近安顺路)    ,58db1456912eae2cf8ecf722,查局粤菜馆(凯旋路店)    ,环境：8.9,服务：9.0
口味：9.2,人均：130元,3441条评论,火锅,梅川路,    真北路818号近铁城市广场北座2楼    ,58db145c912eae2cf8ecf723,捞王锅物料理(近铁广场店)    ,环境：9.1,服务：9.1
口味：9.0,人均：141元,6221条评论,韩国料理,虹桥镇,    虹莘路3998号帝宝大厦2楼(吴中路与虹莘路之间)    ,58db1461912eae2cf8ecf724,青鹤谷(虹莘路总店)    ,环境：8.9,服务：8.8
口味：9.0,人均：126元,8362条评论,火锅,张江,    祖冲之路1239弄5号长泰广场6座3楼(近金科路)    ,58db1468912eae2cf8ecf725,渝利火锅(长泰广场店)    ,环境：8.8,服务：8.7
口味：8.9,人均：92元,1168条评论,烧烤,新天地,    合肥路199号(每周一休息)    ,58db146f912eae2cf8ecf726,潘小烧-云南夜宵烧烤    ,环境：8.3,服务：9.1
口味：8.9,人均：103元,770条评论,烧烤,同乐坊,    昌平路317-5号(江宁路)    ,58db1476912eae2cf8ecf727,丰茂烤串l羊肉现穿才好吃(昌平路店),环境：9.0,服务：8.9
口味：9.0,人均：287元,63条评论,蟹宴,外滩,    广东路59号(靠近外滩三号)    ,58db147d912eae2cf8ecf728,蟹家大院(外滩店)    ,环境：9.1,服务：9.2
口味：9.1,人均：89元,414条评论,东南亚菜,七宝,    漕宝路3299号七宝宝龙城沿河别墅第三栋(漕宝路八号桥国韵宾馆斜对面)    ,58db1481912eae2cf8ecf729,青木瓜之味(七宝宝龙店)    ,环境：9.2,服务：9.1
口味：9.1,人均：542元,190条评论,粤菜,月星环球港,"
    凯旋北路1555弄66号(华府樟园内，近光复西路)
    ",58db148f912eae2cf8ecf72a,"
瑞华樟园
    ",环境：9.4,服务：9.1
口味：9.1,人均：115元,495条评论,火锅,曹家渡,    万航渡路529号近武定西路    ,58db1495912eae2cf8ecf72b,付二娘美蛙鱼头(万航渡路店),环境：8.7,服务：9.0
口味：9.0,人均：92元,25759条评论,新疆菜,八佰伴,    东方路918号(近向城路)    ,58db1499912eae2cf8ecf72c,耶里夏丽(东方店)    ,环境：8.7,服务：8.7
口味：9.0,人均：160元,1173条评论,日本菜,上南地区,    昌里路220号2楼(不在三钢里哦~)    ,58db149e912eae2cf8ecf72d,初霖和牛烧肉    ,环境：9.0,服务：9.0
口味：9.1,人均：137元,9680条评论,火锅,肇嘉浜路沿线,    肇嘉浜路268号2楼(近地铁9，12号线嘉善路2，4号出口)    ,58db14a5912eae2cf8ecf72e,捞王锅物料理(肇嘉浜路店)    ,环境：8.9,服务：9.0
口味：8.9,人均：129元,7592条评论,韩国料理,南京西路,    新闸路850号(近石门二路)    ,58db14ac912eae2cf8ecf72f,倍乐创意韩国料理(静安店)    ,环境：9.1,服务：9.1
口味：9.1,人均：137元,3676条评论,本帮江浙菜,海宁路/七浦路,    汉阳路88号1-3楼(近吴淞路)    ,58db14b2912eae2cf8ecf730,金时代顺风大酒店(北外滩店)    ,环境：9.0,服务：9.1
口味：8.9,人均：254元,3003条评论,火锅,淮海路,    成都南路99弄1-3号(淮海中路)    ,58db14b7912eae2cf8ecf731,这一锅    ,环境：9.2,服务：9.0
口味：9.0,人均：27元,212条评论,咖啡厅,瑞金宾馆区,    建国中路169-4号    ,58db14bf912eae2cf8ecf732,Blacksheep Espresso,环境：9.0,服务：9.0
口味：8.9,人均：220元,463条评论,西餐,静安寺,    长乐路1221号(华山路)    ,58db14c5912eae2cf8ecf733,LE VERRE à vin    ,环境：8.7,服务：8.7
口味：9.1,人均：922元,409条评论,本帮江浙菜,淮海路,"
    茂名南路59号锦江饭店锦北楼12楼(近长乐路)
    ",58db14cc912eae2cf8ecf734,"
甬府
    ",环境：9.0,服务：8.9
口味：8.6,人均：268元,11766条评论,粤菜,静安寺,    延安中路1238号静安嘉里中心南座S4-01单元(近安义路)    ,58db14d2912eae2cf8ecf735,翠园(静安嘉里店),环境：9.0,服务：8.5
口味：8.9,人均：357元,174条评论,其他,南京西路,    北京西路1013号7楼(近江宁路)    ,58db14da912eae2cf8ecf736,乐藏尚宴・大师料理    ,环境：9.2,服务：9.1
口味：8.8,人均：87元,1412条评论,川菜,五角场/大学区,    邯郸路600号万达商业广场特力时尚汇4层    ,58db14df912eae2cf8ecf737,蛙遇―炭烧牛蛙(特力时尚汇店)    ,环境：9.0,服务：9.0
口味：9.1,人均：130元,2868条评论,火锅,静安区,    寿阳路99弄18号协信星光广场南里二层S209号    ,58db14e6912eae2cf8ecf738,捞王锅物料理(协信店)    ,环境：9.1,服务：9.0
口味：9.0,人均：113元,1359条评论,日本菜,虹桥,    仙霞路158号新虹桥商厦2楼201室(近娄山关路)    ,58db14f5912eae2cf8ecf739,味藏(虹桥店)    ,环境：9.0,服务：8.8
口味：9.1,人均：142元,184条评论,西餐,徐家汇,    宛平南路104号永丰国际广场一层    ,58db14fb912eae2cf8ecf73a,Wanna feel Restaurant &Bar至觉,环境：9.1,服务：9.0
口味：9.1,人均：159元,1995条评论,日本菜,同乐坊,    胶州路776号(安远路与余姚路之间)    ,58db1502912eae2cf8ecf73b,大馥 ・ 炭火烧肉屋(胶州午市营业店)    ,环境：8.6,服务：8.7
口味：8.6,人均：88元,19041条评论,本帮江浙菜,徐家汇,    衡山路932号太平洋百货8楼(徐家汇)    ,58db1507912eae2cf8ecf73c,桂满陇-桃花山庄(徐家汇店)    ,环境：8.9,服务：8.4
口味：9.1,人均：154元,446条评论,烧烤,漕河泾/田林,    柳州路435号二楼(12号线桂林公园站、漕宝路站，光大会展中心，日月光中心，田林宾馆)    ,58db150f912eae2cf8ecf73d,洪太极大生蚝烧烤夜宵(徐汇店)    ,环境：8.9,服务：9.0
口味：8.9,人均：66元,8481条评论,西餐,复兴西路/丁香花园,    安福路308号104室(近武康路)    ,58db1513912eae2cf8ecf73e,Sunflour(安福路店)    ,环境：8.5,服务：8.1
口味：9.1,人均：359元,469条评论,西餐,打浦桥,    建国中路155弄7号田子坊(近5号门入口处)    ,58db1519912eae2cf8ecf73f,Bianchi & Bella Ciao    ,环境：9.1,服务：9.1
口味：8.9,人均：78元,220条评论,日本菜,淮海路,    长乐路339弄18号    ,58db1520912eae2cf8ecf740,POKEPOKE,环境：8.8,服务：9.1
口味：8.3,人均：1079元,3580条评论,西餐,外滩,    中山东一路3号外滩三号4楼(近广东路)    ,58db1527912eae2cf8ecf741,Jean-Georges    ,环境：9.1,服务：8.8
口味：8.7,人均：147元,14822条评论,东南亚菜,淮海路,    淮海中路300号上海K11购物艺术中心4层(近黄陂南路)    ,58db152d912eae2cf8ecf742,Home Thai(K11购物艺术中心店)    ,环境：8.7,服务：8.4
口味：9.0,人均：126元,1070条评论,火锅,八佰伴,    世纪大道1217号5F    ,58db1534912eae2cf8ecf743,左庭右院鲜牛肉火锅(百联世纪店)    ,环境：8.9,服务：8.8
口味：9.0,人均：131元,4638条评论,火锅,月星环球港,    中山北路3300号环球港3层(号近金沙江路)    ,58db153b912eae2cf8ecf744,左庭右院鲜牛肉火锅(环球港店)    ,环境：9.0,服务：8.9
口味：9.1,人均：352元,2240条评论,日本菜,虹桥镇,    程家桥支路203号智地大厦1楼(近虹梅路)    ,58db1540912eae2cf8ecf745,九井日本料理(虹梅路店),环境：9.1,服务：8.9
口味：9.1,人均：227元,415条评论,日本菜,八佰伴,    浦东南路999号新梅联合广场4层    ,58db1546912eae2cf8ecf746,好牛烧肉专门店(新梅联合广场店)    ,环境：9.0,服务：9.1
口味：9.2,人均：139元,609条评论,海鲜,庙行/共康,    共和新路4727号    ,58db154c912eae2cf8ecf747,纯味斑鱼府(宝山店)    ,环境：9.2,服务：9.0
口味：9.0,人均：25元,976条评论,小吃快餐,人民广场,    永寿路25号-底层B区(永寿路11号旁-近延安东路口)    ,58db1558912eae2cf8ecf748,顾shi的故事 ・ 顾shi猪排(人广-大世界店)    ,环境：8.4,服务：9.0
口味：9.1,人均：138元,3345条评论,火锅,八佰伴,    浦东南路1271-1289号华融大厦米岛美食广场三楼(近张杨路麦当劳)    ,58db155d912eae2cf8ecf749,捞王锅物料理(米岛店)    ,环境：9.1,服务：9.1
口味：9.1,人均：165元,319条评论,本帮江浙菜,世纪公园,    丁香路880号丁香国际商场1层L1-23(近长柳路)    ,58db1563912eae2cf8ecf74a,老吉士上海菜(浦东丁香店),环境：8.9,服务：8.5
口味：9.1,人均：238元,703条评论,日本菜,虹桥,    仙霞路333号(近古北路)    ,58db1568912eae2cf8ecf74b,AJIYA(仙霞路店),环境：8.4,服务：8.9
口味：9.0,人均：100元,1224条评论,烧烤,漕河泾/田林,    钦州北路226号B1楼    ,58db156d912eae2cf8ecf74c,丰茂烤串l羊肉现穿才好吃(钦州北路店),环境：9.0,服务：9.1
口味：9.1,人均：392元,1861条评论,日本菜,龙柏地区,    金汇路463弄金石广场28号A栋1楼(近地铁10号线龙柏新村站)    ,58db1574912eae2cf8ecf74d,酒吞(金汇路老馆),环境：9.0,服务：8.7
口味：9.1,人均：53元,127条评论,西餐,龙华,    瑞平路36号H-112(地铁7号线，12号线5号出口处)    ,58db157a912eae2cf8ecf74e,Vigours轻食(绿地缤纷城店),环境：9.2,服务：9.3
口味：7.9,人均：114元,16449条评论,火锅,虹桥镇,    吴中路1100号(近万源路)    ,58db1581912eae2cf8ecf74f,海底捞火锅(吴中路店)    ,环境：7.9,服务：9.1
口味：9.1,人均：70元,833条评论,火锅,武宁地区,    武宁路101号IMAGO我格广场5层。    ,58db1587912eae2cf8ecf750,潮界(IMAGO我格广场店)    ,环境：9.0,服务：9.3
口味：8.8,人均：135元,8092条评论,韩国料理,打浦桥,    徐家汇路618号日月光中心广场4楼(瑞金南路肇嘉浜路)    ,58db158b912eae2cf8ecf751,王妃家(日月光中心广场店)    ,环境：8.8,服务：9.0
口味：9.1,人均：135元,7706条评论,火锅,长寿路,    胶州路883号(新会路)    ,58db1592912eae2cf8ecf752,捞王锅物料理(长寿路店)    ,环境：9.1,服务：9.0
口味：8.8,人均：119元,2310条评论,韩国料理,人民广场,    金陵东路569号汇都国际广场2F(近西藏南路)    ,58db1598912eae2cf8ecf753,姜虎东白丁(云南路店)    ,环境：8.7,服务：8.9
口味：8.9,人均：111元,5001条评论,川菜,大悦城,    西藏北路166号大悦城北座7楼(近曲阜路)    ,58db159d912eae2cf8ecf754,天辣绿色时尚餐厅(大悦城店)    ,环境：8.8,服务：9.0
口味：9.1,人均：250元,191条评论,本帮江浙菜,徐家汇,    南丹东路300弄9号2楼(漕溪北路口)    ,58db15a2912eae2cf8ecf755,顶雅阁    ,环境：9.1,服务：9.0
口味：8.9,人均：128元,1275条评论,火锅,静安寺,    愚园东路20号东海广场3号门对面    ,58db15a9912eae2cf8ecf756,付二娘美蛙鱼头(静安总店),环境：8.1,服务：9.0
口味：9.0,人均：99元,4102条评论,海鲜,徐家汇,    肇嘉浜路美罗城4楼    ,58db15b5912eae2cf8ecf757,Moosan木桑水产(美罗城店)    ,环境：8.5,服务：8.8
口味：9.1,人均：107元,13013条评论,川菜,武宁地区,    曹杨路555号汇融天地401.402.403(白玉路)    ,58db15bc912eae2cf8ecf758,红辣椒(曹杨店)    ,环境：9.1,服务：9.3
口味：8.6,人均：87元,10238条评论,本帮江浙菜,梅川路,    真北路818号近铁广场北座3楼(近地铁13号线真北路站)    ,58db15c3912eae2cf8ecf759,桂满陇―西湖船宴(近铁广场店)    ,环境：9.1,服务：8.5
口味：9.0,人均：152元,11067条评论,火锅,徐家汇,    南丹东路108号2楼(天钥桥路)    ,58db15ca912eae2cf8ecf75a,辣府(徐家汇店)    ,环境：8.6,服务：8.6
口味：9.0,人均：253元,311条评论,西餐,临平路/和平公园,    瑞虹路188号瑞虹天地月亮湾L1-21b(近虹关路与瑞虹路路口)    ,58db15d0912eae2cf8ecf75b,SVEA 现代北欧餐厅(瑞虹月亮湾店),环境：9.1,服务：9.1
口味：9.1,人均：388元,419条评论,日本菜,北新泾,    仙霞西路88号百联西郊购物中心1-113室    ,58db15d3912eae2cf8ecf75c,舞泽?雪蟹和牛蒸涮锅(西郊百联店)    ,环境：9.1,服务：9.2
口味：9.0,人均：483元,846条评论,本帮江浙菜,陆家嘴,    滨江大道2100号(百步街)    ,58db15d8912eae2cf8ecf75d,孔乙己尚宴    ,环境：9.2,服务：8.8
口味：9.0,人均：352元,458条评论,自助餐,金桥,    张杨路与中环路交口久金广场3层    ,58db15e0912eae2cf8ecf75e,海之宴海鲜自助(久金广场店)    ,环境：9.0,服务：9.0
口味：8.7,人均：156元,380条评论,日本菜,临平路/和平公园,    瑞虹路188号瑞虹天地月亮湾LG层15a单元    ,58db15e7912eae2cf8ecf75f,HUNT'S . 夯食    ,环境：9.1,服务：9.0
口味：9.1,人均：485元,499条评论,日本菜,外滩,    中山东二路22号309室(近新永安路)    ,58db15ec912eae2cf8ecf760,天家二十二    ,环境：8.9,服务：8.2
口味：8.2,人均：319元,176条评论,日本菜,陆家嘴,    陆家嘴西路正大广场168号5F    ,58db15f0912eae2cf8ecf761,富罟河豚料理(正大广场店),环境：9.0,服务：8.7
口味：8.4,人均：719元,1742条评论,西餐,陆家嘴,    世纪大道8号国金中心52楼丽思卡尔顿酒店(东泰路世纪大道)    ,58db15f5912eae2cf8ecf762,意味轩 SCENA(浦东丽思卡尔顿酒店)    ,环境：9.3,服务：9.1
口味：8.7,人均：91元,20468条评论,川菜,五角场/大学区,    邯郸路399号财富大酒店A区2楼(近国定路)    ,58db15fb912eae2cf8ecf763,红辣椒(杨浦店)    ,环境：8.5,服务：9.0
口味：8.5,人均：178元,1550条评论,西餐,淮海路,    新天地北里太仓路181弄22号    ,58db1602912eae2cf8ecf764,Green&Safe(新天地店)    ,环境：9.0,服务：8.3
口味：9.1,人均：90元,358条评论,西餐,世纪公园,    樱花路80弄富荟广场B区L1层8号(近世纪公园)    ,58db1606912eae2cf8ecf765,ALAMI(富荟广场店),环境：9.1,服务：9.1
口味：9.0,人均：338元,2780条评论,日本菜,四川北路,"
    四川北路1350号利通广场2层
    ",58db1610912eae2cf8ecf766,"
桐花和食(利通广场店)
    ",环境：9.1,服务：9.0
口味：9.1,人均：115元,1872条评论,火锅,徐家汇,    天钥桥路214号哈尼广场5楼(正门直走，左手边楼梯间电梯直达5楼)    ,58db1617912eae2cf8ecf767,宴羊集市鲜羊肉火锅,环境：9.0,服务：9.1
口味：9.0,人均：223元,2468条评论,本帮江浙菜,淮海路,    淮海中路138号上海广场3层(无限度)    ,58db161c912eae2cf8ecf768,N318(上海广场店)    ,环境：8.5,服务：8.7
口味：9.1,人均：43元,63条评论,面包甜点,复兴西路/丁香花园,    五原路84弄13号    ,58db1622912eae2cf8ecf769,The Blooming,环境：9.2,服务：9.1
口味：8.9,人均：448元,184条评论,西餐,徐家汇,    建国西路222号2楼(近嘉善路)    ,58db1628912eae2cf8ecf76a,OPPOSITE by Jenson&Hu    ,环境：9.1,服务：9.2
口味：9.1,人均：125元,2342条评论,火锅,五角场/大学区,    翔殷路1099号合生国际广场4楼(淞沪路)    ,58db162e912eae2cf8ecf76b,左庭右院鲜牛肉火锅(五角场合生汇店)    ,环境：9.0,服务：8.9
口味：8.9,人均：336元,522条评论,西餐,衡山路,    衡山路237号2楼(近高安路)    ,58db1635912eae2cf8ecf76c,solo(衡山路店)    ,环境：8.7,服务：8.7
口味：9.1,人均：360元,614条评论,西餐,淮海路,    陕西南路35-4号(长乐路)    ,58db163a912eae2cf8ecf76d,翡冷翠1835意大利餐厅    ,环境：8.8,服务：9.2
口味：9.0,人均：121元,2440条评论,韩国料理,古北,    虹桥路1438号上海高岛屋百货2层    ,58db1640912eae2cf8ecf76e,倍乐创意韩国料理(上海高岛屋百货店)    ,环境：9.1,服务：9.1
口味：8.7,人均：120元,1076条评论,云南菜,淮海路,    淮海中路283号香港广场南座4层    ,58db1647912eae2cf8ecf76f,中8楼(香港广场淮海中路店)    ,环境：9.1,服务：9.0
口味：8.3,人均：63元,20392条评论,本帮江浙菜,南京东路,    南京东路800号东方商厦9层(近西藏中路)    ,58db164a912eae2cf8ecf770,新白鹿餐厅(东方商厦南京东路店)    ,环境：8.5,服务：8.2
口味：9.2,人均：73元,2748条评论,东南亚菜,西藏北路/中兴路,    公兴路26号(近虬江路)    ,58db1651912eae2cf8ecf771,新马茶餐厅    ,环境：7.6,服务：9.0
口味：9.0,人均：93元,2453条评论,川菜,莘庄龙之梦,    沪闵路6088号莘庄凯德龙之梦购物中心4楼电影院旁(近莘建路)    ,58db1658912eae2cf8ecf772,青花椒砂锅鱼(莘庄龙之梦店)    ,环境：9.0,服务：9.0
口味：9.1,人均：148元,1816条评论,海鲜,曹家渡,    武宁南路381号(余姚路)    ,58db165f912eae2cf8ecf773,纯味斑鱼府(静安店)    ,环境：9.0,服务：8.8
口味：9.1,人均：143元,1135条评论,火锅,打浦桥,"
    打浦路658号绿地海外滩名品汇购物广场2楼8-201室(龙华东路口)
    ",58db1666912eae2cf8ecf774,"
凯达石斑鱼打边炉(打浦路店)
    ",环境：8.5,服务：9.3
口味：8.4,人均：87元,4764条评论,本帮江浙菜,五角场/大学区,    翔殷路1099号合生汇4楼    ,58db1672912eae2cf8ecf775,桂满陇-十里风荷(合生汇店)    ,环境：8.9,服务：8.3
口味：9.0,人均：77元,2136条评论,本帮江浙菜,朱家角,    西井街56号，导航定位古镇停车场1号门(杨氏老宅旁)    ,58db1678912eae2cf8ecf776,井亭饭店    ,环境：8.7,服务：8.8
口味：9.1,人均：131元,1815条评论,火锅,天山,    天山路345号缤谷文化广场二期东座4楼407室    ,58db167f912eae2cf8ecf777,捞王锅物料理(缤谷文化休闲广场店),环境：9.1,服务：9.1
口味：9.4,人均：53元,434条评论,农家菜,崇明县其他,    永西路325号(当日食材限量供应，用餐请提前预订)    ,58db1684912eae2cf8ecf778,崇明刘家村农家乐,环境：9.4,服务：9.4
口味：9.0,人均：620元,553条评论,其他,陆家嘴,    滨江大道3688号(近东昌路)    ,58db168b912eae2cf8ecf779,浦之舟    ,环境：9.3,服务：9.2
口味：9.2,人均：847元,385条评论,火锅,淮海路,    茂名南路59号(锦江食街)    ,58db168f912eae2cf8ecf77a,季悦火锅(锦江店)    ,环境：9.4,服务：9.3
口味：9.0,人均：174元,6687条评论,火锅,打浦桥,    打浦路603号农工商超市内(近中山南一路)    ,58db1697912eae2cf8ecf77b,辣府(打浦店)    ,环境：9.0,服务：8.7
口味：8.4,人均：127元,6941条评论,火锅,南京西路,    北京西路1068号三层(近江宁路)    ,58db169c912eae2cf8ecf77c,海底捞火锅(北京西路店)    ,环境：8.4,服务：9.1
口味：9.0,人均：464元,5806条评论,蟹宴,南京东路,    九江路216号(河南中路口)    ,58db16a2912eae2cf8ecf77d,成隆行蟹王府(南京东路店)    ,环境：8.6,服务：8.3
口味：8.9,人均：349元,8423条评论,日本菜,徐家汇,    肇嘉浜路1111号美罗城8楼(近地铁1号线徐家汇站)    ,58db16a8912eae2cf8ecf77e,花隐日式怀石料理(上海美罗城店)    ,环境：9.1,服务：9.1
口味：9.1,人均：123元,5581条评论,火锅,漕河泾/田林,    虹漕南路7号(近漕宝路)    ,58db16af912eae2cf8ecf77f,今日牛事潮汕鲜牛肉火锅(徐汇总店)    ,环境：8.7,服务：8.7
口味：9.2,人均：1646元,301条评论,日本菜,上海影城/新华路,    泰安路115弄9号(华山路)    ,58db16b5912eae2cf8ecf780,橼舍l青木    ,环境：9.1,服务：9.2
口味：9.0,人均：207元,6191条评论,日本菜,淮海路,    淮海中路300号上海K11购物艺术中心4层(近黄陂南路)    ,58db16bb912eae2cf8ecf781,阿吾罗日本料理(K11购物艺术中心店)    ,环境：8.8,服务：8.9
口味：9.0,人均：125元,2320条评论,火锅,金桥,    金桥路金桥国际商业广场7座3层    ,58db16c2912eae2cf8ecf782,左庭右院鲜牛肉火锅(金桥国际广场店)    ,环境：9.0,服务：8.9
口味：9.1,人均：176元,231条评论,西餐,衡山路,    永嘉路570号永嘉庭5号楼1楼    ,58db16c6912eae2cf8ecf783,Avenue Joffre Bar    ,环境：9.2,服务：9.1
口味：9.0,人均：110元,2622条评论,火锅,五角场/大学区,    政旦东路36号2楼(五角场百联又一城和大西洋百货交叉处)    ,58db16d4912eae2cf8ecf784,煲宫(五角场店)    ,环境：8.4,服务：9.0
口味：9.0,人均：124元,1452条评论,火锅,金桥,    金高路1882号金桥太茂商业广场5层    ,58db16d7912eae2cf8ecf785,重庆熬家老火锅(金桥太茂店)    ,环境：8.9,服务：9.1
口味：9.0,人均：130元,2839条评论,火锅,打浦桥,    打浦路78号(地铁9号线打浦桥2号出口直行150米)    ,58db16dd912eae2cf8ecf786,九鼎轩脆毛肚火锅(打浦路店)    ,环境：8.4,服务：8.3
口味：9.1,人均：51元,94条评论,其他,大华地区,    真华路950号第一坊一层(大华二路)    ,58db16e4912eae2cf8ecf787,老京口北京烤鸭(大华店),环境：9.0,服务：9.0
口味：9.1,人均：91元,5773条评论,川菜,八佰伴,    浦东南路1289号米岛美食中心3楼(张杨路麦当劳对面)    ,58db16eb912eae2cf8ecf788,青花椒砂锅鱼(米岛店)    ,环境：8.7,服务：8.9
口味：9.2,人均：62元,957条评论,本帮江浙菜,朱家角,    朱家角北大街309号(近朱家角人文艺术馆)    ,58db16f2912eae2cf8ecf789,百年老店茂荪馆    ,环境：9.0,服务：9.2
口味：9.1,人均：208元,572条评论,西餐,静安寺,    长乐路936号(近乌鲁木齐中路)    ,58db16f8912eae2cf8ecf78a,Le Vin    ,环境：8.6,服务：9.0
口味：9.1,人均：403元,883条评论,日本菜,肇嘉浜路沿线,"    斜土路1077号(靠近瑞金南路,打浦桥附近)    ",58db16ff912eae2cf8ecf78b,紫料亭 Murasaki    ,环境：9.2,服务：9.1
口味：8.9,人均：70元,1792条评论,火锅,天山,    天山路762号巴黎春天B2楼中庭扶手电梯旁(地铁2号娄山关路站4号口 穿过屈臣氏前行200米即到)    ,58db1705912eae2cf8ecf78c,介家有料串串香(巴黎春天天山店)    ,环境：9.0,服务：9.1
口味：9.1,人均：115元,143条评论,新疆菜,淮海路,    雁荡路101号    ,58db170b912eae2cf8ecf78d,阿里家MissAli(雁荡路店),环境：8.7,服务：8.9
口味：9.1,人均：43元,694条评论,西餐,五角场/大学区,    大学路272号302室(全家超市楼上)    ,58db1711912eae2cf8ecf78e,Salad Formula(大学路店)    ,环境：9.0,服务：8.9
口味：8.8,人均：107元,15777条评论,川菜,打浦桥,    徐家汇路618号日月光中心广场4楼(近瑞金二路)    ,58db1717912eae2cf8ecf78f,天辣绿色时尚餐厅(日月光中心广场店)    ,环境：8.8,服务：8.8
口味：9.0,人均：403元,1687条评论,日本菜,南京西路,    南京西路699号东方有线大厦1楼(吴江路)    ,58db171b912eae2cf8ecf790,米亭味自慢料理(南京西路店)    ,环境：9.2,服务：9.1
口味：8.7,人均：134元,561条评论,西餐,静安寺,    延平路135号1F103室(武定路口)    ,58db1722912eae2cf8ecf791,fat cow,环境：9.0,服务：8.5
口味：9.1,人均：107元,290条评论,日本菜,宝山城区,"
    牡丹江路1569号宝乐汇B1层绿地生活荟
    ",58db1728912eae2cf8ecf792,"
德兵卫精致料理

",环境：8.8,服务：8.8
口味：9.1,人均：190元,613条评论,素菜,泰晤士小镇,    三新北路900弄912号肯特大街(近泰晤士小镇教堂)    ,58db1737912eae2cf8ecf793,大蔬无界・上海泰晤士美素馆    ,环境：9.3,服务：9.3
口味：8.5,人均：155元,1729条评论,其他,淮海路,    淮海中路300号上海K11购物艺术中心4层    ,58db173c912eae2cf8ecf794,Professor Lee 李教授-倍乐,环境：9.0,服务：9.1
口味：9.1,人均：1100元,367条评论,本帮江浙菜,南京西路,    南阳路170号(近西康路)    ,58db1743912eae2cf8ecf795,新荣记品味    ,环境：9.2,服务：9.1
口味：9.2,人均：1484元,295条评论,日本菜,虹桥镇,    古北路1838号奥特莱斯一层北侧(近吴中路)    ,58db174a912eae2cf8ecf796,l直x    ,环境：9.2,服务：9.3
口味：8.8,人均：90元,30356条评论,新疆菜,五角场/大学区,    政通路218号4楼(近五角场)    ,58db1750912eae2cf8ecf797,耶里夏丽(五角场店)    ,环境：8.7,服务：8.5
口味：8.7,人均：486元,3610条评论,日本菜,外滩,    中山东一路6号外滩6号2楼(近广东路)    ,58db1757912eae2cf8ecf798,东京和食 Sun with AQUA    ,环境：9.0,服务：8.4
口味：9.1,人均：98元,5215条评论,韩国料理,五角场/大学区,    武川路19号(靠近纪念路或武东路)    ,58db175d912eae2cf8ecf799,首尔炭火烤肉(武川路总店)    ,环境：9.0,服务：9.1
口味：9.1,人均：136元,7158条评论,火锅,四川北路,    四川北路1318号盛邦国际大厦3楼(近武进路)    ,58db1763912eae2cf8ecf79a,捞王锅物料理(四川北路店)    ,环境：9.0,服务：9.1
口味：8.9,人均：70元,2096条评论,西北菜,控江地区,    控江路1628号紫荆广场6楼606室(近江浦路)    ,58db1769912eae2cf8ecf79b,晋家门(紫荆广场店)    ,环境：8.9,服务：9.0
口味：9.2,人均：131元,6861条评论,火锅,中原地区,    国和路701号中原城市广场3层(近民庆路)    ,58db176f912eae2cf8ecf79c,捞王锅物料理(中原城市广场店)    ,环境：9.2,服务：9.2
口味：8.9,人均：208元,202条评论,本帮江浙菜,世纪公园,    花木路1378号浦东嘉里城商场L230b单元    ,58db1776912eae2cf8ecf79d,食庐(嘉里城广场店)    ,环境：9.0,服务：8.6
口味：9.0,人均：129元,1098条评论,日本菜,古北,    水城南路37号古北万科广场1楼D座(避风塘旁)    ,58db177d912eae2cf8ecf79e,味藏(古北店)    ,环境：8.8,服务：8.8
口味：9.1,人均：120元,112条评论,素菜,庙行/共康,    纪路320号和欣墅街6号楼(场北路)    ,58db1784912eae2cf8ecf79f,枣子树(场北路店),环境：9.3,服务：9.3
口味：9.0,人均：61元,63条评论,火锅,打浦桥,    徐家汇路618号日月光中心广场B2楼_TK14号麦当劳向右走到底(近泰康路，打浦桥地铁1号口)    ,58db178b912eae2cf8ecf7a0,一味・焖鲜圣黑毛猪焖锅,环境：9.0,服务：9.1
口味：9.1,人均：59元,302条评论,面包甜点,庙行/共康,    一二八纪念路988弄万达金街3楼366号    ,58db1790912eae2cf8ecf7a1,MRS.ZHENG BAKING郑太太烘焙(万达广场宝山店),环境：9.1,服务：9.2
口味：9.1,人均：93元,6675条评论,川菜,七宝,    七莘路3655号凯德七宝购物广场2层    ,58db179d912eae2cf8ecf7a2,青花椒砂锅鱼(凯德七宝购物广场店)    ,环境：9.1,服务：9.1
口味：9.0,人均：132元,3178条评论,火锅,静安寺,    胶州路709号    ,58db17a4912eae2cf8ecf7a3,今日牛事潮汕鲜牛肉火锅(静安寺店)    ,环境：9.0,服务：8.9
口味：9.1,人均：290元,239条评论,蟹宴,静安寺,    巨鹿路889弄21号    ,58db17aa912eae2cf8ecf7a4,蟹尊苑(巨庐店),环境：9.0,服务：9.1
口味：8.6,人均：32元,238条评论,咖啡厅,徐汇区,    太原路177弄1号    ,58db17b1912eae2cf8ecf7a5,ZOTA COFFEE,环境：8.9,服务：9.1
口味：9.1,人均：130元,1085条评论,火锅,七宝,    漕宝路3299号七宝宝龙城市广场4层(漕宝路与新镇路交口西北角)    ,58db17b8912eae2cf8ecf7a6,古炉火锅(七宝宝龙店)    ,环境：9.1,服务：9.0
口味：9.1,人均：153元,178条评论,日本菜,天山,    古北路195-3号(绝味鸭脖旁)    ,58db17bd912eae2cf8ecf7a7,筱sushi,环境：9.0,服务：9.2
口味：8.2,人均：146元,21780条评论,其他,静安寺,    愚园路68号晶品中心4楼    ,58db17c4912eae2cf8ecf7a8,宴遇(晶品店)    ,环境：9.0,服务：8.8
口味：8.3,人均：180元,3108条评论,本帮江浙菜,外滩,    四川中路216号(近福州路)    ,58db17cb912eae2cf8ecf7a9,南麓.浙里(外滩店)    ,环境：8.5,服务：8.3
口味：9.2,人均：95元,638条评论,日本菜,金桥,    张杨路与中环路交口久金广场2层    ,58db17ce912eae2cf8ecf7aa,小船日式创作料理(久金广场店)    ,环境：8.9,服务：9.2
口味：9.1,人均：128元,1031条评论,火锅,江桥,    金沙江西路1051弄万达广场4楼(百货)    ,58db17d4912eae2cf8ecf7ab,海底捞火锅(江桥万达店)    ,环境：9.1,服务：9.2
口味：9.2,人均：847元,502条评论,西餐,虹桥,    虹桥路1950号(近虹许路)    ,58db17db912eae2cf8ecf7ac,西郊壹号?南苑铁板烧    ,环境：9.3,服务：9.2
口味：8.5,人均：122元,6053条评论,火锅,凉城/江湾镇,    逸仙路580号四层(近仁德路)    ,58db17e1912eae2cf8ecf7ad,海底捞火锅(逸仙路店)    ,环境：8.7,服务：9.2
口味：9.0,人均：107元,16931条评论,川菜,宝山城区,    牡丹江路1225号安信商业广场F区3楼(近海江路)    ,58db17e8912eae2cf8ecf7ae,红辣椒(安信店)    ,环境：9.0,服务：9.1
口味：8.7,人均：241元,1214条评论,西餐,复兴西路/丁香花园,    复兴西路268号(近华山路)    ,58db17ee912eae2cf8ecf7af,夏朵花园    ,环境：9.2,服务：9.0
口味：8.7,人均：311元,5027条评论,西餐,淮海路,    长乐路207号(茂名南路)    ,58db17f6912eae2cf8ecf7b0,AMANDA餐厅(长乐路店)    ,环境：8.8,服务：8.9
口味：9.1,人均：279元,186条评论,日本菜,安亭,    安亭镇墨玉路28号嘉正国际大厦2F    ,58db1802912eae2cf8ecf7b1,牧岛烧肉专门店    ,环境：9.4,服务：9.3
口味：9.0,人均：125元,7654条评论,火锅,八佰伴,    东方路796号（近张杨路）96广场2楼(世纪大道地铁站)    ,58db1807912eae2cf8ecf7b2,渝利火锅(96广场店)    ,环境：8.5,服务：8.6
口味：8.6,人均：116元,29190条评论,火锅,虹口足球场,    西江湾路388号凯德龙之梦6楼(近虹口足球场)    ,58db180f912eae2cf8ecf7b3,上上谦串串香火锅(虹口龙之梦店)    ,环境：8.3,服务：8.2
口味：9.1,人均：138元,10060条评论,火锅,上南地区,    上南路1216号(近昌里路三钢里)    ,58db1816912eae2cf8ecf7b4,捞王锅物料理(浦东昌里店)    ,环境：8.7,服务：9.0
口味：8.5,人均：218元,13931条评论,自助餐,五角场/大学区,    黄兴路1800号东方蓝海国际广场3号楼B1层(近国顺东路)    ,58db181d912eae2cf8ecf7b5,好山海鲜&烧烤自助餐    ,环境：9.2,服务：8.9
口味：8.9,人均：78元,1123条评论,火锅,金桥,    台儿庄路379号    ,58db1821912eae2cf8ecf7b6,百素?我家酸菜鱼(金桥店),环境：8.7,服务：8.8
口味：9.0,人均：86元,3036条评论,韩国料理,虹桥镇,    龙茗路2938号(宜山路)    ,58db1825912eae2cf8ecf7b7,芝湖参鸡汤(龙茗路店)    ,环境：8.9,服务：9.0
口味：9.0,人均：422元,735条评论,西餐,上南地区,    世博大道1368号世博源1区1LM01(上南路)    ,58db1828912eae2cf8ecf7b8,Oyster EXPO江月蚝庭西餐生蚝吧(世博店)    ,环境：9.1,服务：9.1
口味：8.9,人均：81元,5453条评论,日本菜,天山,    天山路341号缤谷文化休闲广场3楼(地铁2号线威宁路站)    ,58db182d912eae2cf8ecf7b9,滨寿司(威宁路店)    ,环境：8.9,服务：8.9
口味：9.0,人均：89元,1937条评论,本帮江浙菜,九亭,    沪松公路1229号(近涞亭南路)    ,58db1834912eae2cf8ecf7ba,农家菜老大(九亭店)    ,环境：8.7,服务：8.4
口味：9.0,人均：101元,619条评论,火锅,八佰伴,    南泉北路528号新大陆广场北楼3楼    ,58db183b912eae2cf8ecf7bb,雄帝和重庆美蛙鱼头火锅,环境：8.8,服务：9.0
口味：8.5,人均：174元,8449条评论,粤菜,静安寺,    巨鹿路889号7-8号楼(近常熟路)    ,58db1842912eae2cf8ecf7bc,香港龙凤楼(巨鹿路店)    ,环境：8.8,服务：8.1
口味：9.0,人均：221元,2227条评论,日本菜,音乐学院,"
    淮海中路1333号4楼
    ",58db1848912eae2cf8ecf7bd,"
AJIYA(淮海路店)
    ",环境：8.2,服务：8.6
口味：8.5,人均：216元,342条评论,西餐,古北,    古北路1699号，古北1699广场商场区2楼201室    ,58db184f912eae2cf8ecf7be,Lilliput粒粒堡亲子餐厅(古北店)    ,环境：9.1,服务：8.7
口味：8.8,人均：120元,13747条评论,火锅,梅川路,    梅川路1412号梅川路步行街内(近真光路)    ,58db1855912eae2cf8ecf7bf,嗨锅(梅川路总店)    ,环境：8.3,服务：8.5
口味：9.0,人均：437元,1028条评论,火锅,淮海路,    复兴中路523弄7-9号思南公馆26C(近思南路)    ,58db1861912eae2cf8ecf7c0,橘色涮涮屋    ,环境：9.1,服务：9.1
口味：9.0,人均：201元,1955条评论,本帮江浙菜,世纪公园,    民生路1286号汇商大厦3楼(丁香路口)    ,58db1867912eae2cf8ecf7c1,上海人家(汇商店)    ,环境：9.1,服务：8.7
口味：9.0,人均：346元,7439条评论,日本菜,虹桥,    遵义路100号虹桥南丰城L416A(近紫云路)    ,58db186d912eae2cf8ecf7c2,花隐日式怀石料理(上海南丰城店)    ,环境：9.3,服务：9.2
口味：9.0,人均：82元,101条评论,日本菜,虹桥枢纽,"
    申长路799号虹桥天街B栋-114室
    ",58db1874912eae2cf8ecf7c3,"
明治屋(龙湖虹桥天街店)

",环境：9.2,服务：9.3
口味：8.8,人均：74元,341条评论,粤菜,火车站,    梅园路228号    ,58db187b912eae2cf8ecf7c4,万昌福茶餐厅,环境：9.1,服务：9.2
口味：9.0,人均：219元,404条评论,火锅,衡山路,    衡山路191号3楼(近乌鲁木齐北路，1号线衡山路站4号口)    ,58db1880912eae2cf8ecf7c5,齐民市集(衡山路店),环境：9.1,服务：9.2
口味：9.1,人均：37元,227条评论,咖啡厅,瑞金宾馆区,    瑞金二路260号(瑞金二路建国中路交叉口旁海华小学对面 门口有圆形广告灯箱)    ,58db1885912eae2cf8ecf7c6,Alley CAFE,环境：9.1,服务：9.2
口味：8.8,人均：193元,1895条评论,素菜,陆家嘴,    世纪大道100号上海环球金融中心3楼(近金茂大厦)    ,58db188c912eae2cf8ecf7c7,大蔬无界・上海环球金融中心美素馆    ,环境：9.0,服务：9.1
口味：8.7,人均：137元,7399条评论,火锅,八佰伴,    东方路796号（近张杨路）96广场3楼    ,58db1894912eae2cf8ecf7c8,哥老官重庆美蛙鱼头(96广场九哥店),环境：8.2,服务：8.5
口味：8.9,人均：111元,10136条评论,火锅,人民广场,    汕头路60号(近西藏中路zara旁边)    ,58db189b912eae2cf8ecf7c9,煲宫(人民广场店)    ,环境：8.6,服务：8.7
口味：9.0,人均：79元,229条评论,台湾菜,七宝,    七宝镇漕宝路3299弄9号101(沿河岸别墅第四栋)    ,58db18a1912eae2cf8ecf7ca,逢甲小馆台湾风味料理(七宝店),环境：9.2,服务：9.2
口味：9.0,人均：80元,3829条评论,西餐,徐家汇,    上海市徐汇区肇嘉浜路1111号美罗城4楼A区4-5B/C    ,58db18a7912eae2cf8ecf7cb,乐凯撒・榴莲比萨(美罗城店)    ,环境：8.5,服务：8.6
口味：9.0,人均：50元,161条评论,咖啡厅,卢湾区,"
    局门路153号
    ",58db18ab912eae2cf8ecf7cc,"
QMaku Dolce蜜丘

",环境：9.1,服务：9.1
口味：8.2,人均：333元,1866条评论,西餐,外滩,    圆明园路133号女青年会大楼6楼(北京东路)    ,58db18af912eae2cf8ecf7cd,Light & Salt On The Bund    ,环境：9.1,服务：9.0
口味：9.2,人均：95元,84条评论,西餐,南京西路,    南阳路36号    ,58db18b3912eae2cf8ecf7ce,Butchery36(36号扒房),环境：9.0,服务：9.1
口味：8.6,人均：79元,594条评论,本帮江浙菜,南方商城,    沪闵路7388号百联南方购物中心5楼    ,58db18bf912eae2cf8ecf7cf,老头儿油爆虾(百联南方购物中心店),环境：8.5,服务：8.5
口味：8.8,人均：140元,920条评论,自助餐,南京东路,    南京东路353号悦荟广场3层(地铁南京东路站3号口对面)    ,58db18c3912eae2cf8ecf7d0,牛new寿喜烧(南京东路步行街店),环境：8.9,服务：8.7
口味：8.7,人均：220元,2022条评论,西餐,同乐坊,    常德路800号A2-1F(昌平路)    ,58db18ca912eae2cf8ecf7d1,食索SALE&PEPE(800show)    ,环境：9.1,服务：9.1
口味：9.1,人均：147元,152条评论,粤菜,上南地区,    世博大道1368号世博源广场1区1层03铺(上南路世博大道路口，近梅赛德斯奔驰演出中心)    ,58db18d1912eae2cf8ecf7d2,尚一汤私厨(世博源店)    ,环境：9.0,服务：9.1
口味：8.8,人均：68元,2369条评论,西北菜,张江,    祖冲之路1239弄长泰广场西区GF层威尔士通道到底左转    ,58db18d6912eae2cf8ecf7d3,晋家门(长泰广场店)    ,环境：8.6,服务：9.0
口味：9.0,人均：25元,95条评论,小吃快餐,黄浦区,    牛庄路627号    ,58db18dd912eae2cf8ecf7d4,花食馄饨,环境：9.1,服务：9.1
口味：8.8,人均：213元,8067条评论,火锅,衡山路,    衡山路2号甲香樟花园内(近桃江路)    ,58db18e4912eae2cf8ecf7d5,鼎王无老锅(衡山路店)    ,环境：9.1,服务：8.9
口味：8.6,人均：184元,161条评论,面包甜点,同乐坊,    新丰路356号(近陕西北路)    ,58db18e8912eae2cf8ecf7d6,纯饮轻断食代餐果蔬汁(静安配送点)    ,环境：8.7,服务：9.1
口味：9.2,人均：44元,274条评论,韩国料理,曹路,    顾唐路162号(第二工业大学后门、华联超市旁)    ,58db18ec912eae2cf8ecf7d7,雄家韩国料理(曹路店)    ,环境：9.3,服务：9.4
口味：8.6,人均：154元,3643条评论,东南亚菜,新天地,    复兴中路soho复兴广场1层(星巴克斜对面)    ,58db18f3912eae2cf8ecf7d8,壹泰东南亚主题餐厅(soho复兴广场店)    ,环境：8.7,服务：8.7
口味：9.0,人均：152元,1958条评论,韩国料理,虹桥镇,    虹桥镇银亭路66号缤琦广场4楼(近虹泉路)    ,58db18f8912eae2cf8ecf7d9,紫霞门韩国料理    ,环境：9.1,服务：9.0
口味：8.9,人均：118元,2004条评论,日本菜,虹口足球场,    西江湾路388号龙之梦购物中心1层    ,58db18fd912eae2cf8ecf7da,Maki House(龙之梦购物中心虹口店),环境：8.0,服务：8.3
口味：8.5,人均：177元,8507条评论,本帮江浙菜,静安寺,    南京西路1600号4楼(近常德路)    ,58db1904912eae2cf8ecf7db,上海人家(航站店)    ,环境：8.6,服务：8.2
口味：8.7,人均：166元,9057条评论,本帮江浙菜,世纪公园,    丁香路1399弄30号3楼(近紫槐路)    ,58db190b912eae2cf8ecf7dc,汉舍中国菜馆(丁香路店)    ,环境：8.9,服务：8.4
口味：8.2,人均：85元,639条评论,本帮江浙菜,徐家汇,    天钥桥路333号腾飞大厦内腾飞广场1层    ,58db1912912eae2cf8ecf7dd,枚青-临安酒肆,环境：9.1,服务：8.6
口味：9.1,人均：261元,834条评论,日本菜,凉城/江湾镇,    汶水东路351号A105室(1876老站创意园区，3号线大柏树地铁站对面)    ,58db191c912eae2cf8ecf7de,鲔屋Tuna House割烹创意料理(大柏树店)    ,环境：9.0,服务：9.0
口味：9.1,人均：88元,7880条评论,新疆菜,梅川路,"
    真光路1288号百联中环购物广场4楼
    ",58db1923912eae2cf8ecf7df,"
耶里夏丽(百联真光路店)
    ",环境：9.0,服务：9.0
口味：8.7,人均：308元,218条评论,西餐,淮海路,    皋兰路2号甲复兴公园西门内(思南路皋兰路路口)    ,58db1927912eae2cf8ecf7e0,Rose Garden,环境：9.1,服务：9.1
口味：8.7,人均：149元,521条评论,东南亚菜,新天地,    湖滨路168号无限极荟购物中心L3-W01(顺昌路)    ,58db192d912eae2cf8ecf7e1,Pan Dan畔丹泰式餐厅(无限极荟店)    ,环境：9.1,服务：9.1
口味：8.5,人均：87元,1763条评论,自助餐,嘉定新城,    阿克苏路1099号嘉定宝龙城市广场三楼319号    ,58db1932912eae2cf8ecf7e2,汉巴味德自助餐厅(嘉定宝龙广场店),环境：9.0,服务：8.6
口味：9.1,人均：131元,198条评论,其他,打浦桥,    泰康路248弄30号后门(田子坊内)    ,58db1938912eae2cf8ecf7e3,多杰拉姆藏餐吧    ,环境：9.2,服务：9.1
口味：8.9,人均：161元,1944条评论,日本菜,淮海路,    思南路30号南楼三楼(近淮海中路)    ,58db193e912eae2cf8ecf7e4,天手古舞居酒屋(思南路店)    ,环境：8.6,服务：8.9
口味：9.1,人均：83元,5688条评论,川菜,梅川路,    真光路1288号百联中环购物广场3楼    ,58db1945912eae2cf8ecf7e5,青花椒砂锅鱼(百联真光路店)    ,环境：9.0,服务：9.0
口味：8.8,人均：212元,316条评论,西餐,五角场/大学区,    星汇广场国安路758弄51号    ,58db194c912eae2cf8ecf7e6,Wine Harbor Restaurant & Bar    ,环境：9.2,服务：9.2
口味：9.1,人均：445元,56条评论,西餐,虹桥,    虹桥路1665号星空广场外独立别墅C1座(屈臣氏旁)    ,58db1951912eae2cf8ecf7e7,Oyster EXPO江月蚝庭西餐生蚝吧(虹桥店),环境：9.2,服务：9.1
口味：8.5,人均：475元,1497条评论,其他,外滩,    中山东二路22号4楼(新永安路)    ,58db1957912eae2cf8ecf7e8,贰千金Lady Bund    ,环境：9.2,服务：8.9
口味：9.1,人均：177元,85条评论,西餐,南京西路,    新闸路1315号(新闸路与陕西北路交汇)    ,58db195d912eae2cf8ecf7e9,Favorita意大利餐厅(新闸路店)    ,环境：9.0,服务：9.1
口味：8.5,人均：132元,8956条评论,西餐,静安寺,    愚园路68号晶品中心6楼6-12m(常德路)    ,58db1965912eae2cf8ecf7ea,Win House(静安店)    ,环境：8.8,服务：8.7
口味：8.8,人均：139元,246条评论,日本菜,音乐学院,"
    东湖路3号(近淮海中路)
    ",58db196a912eae2cf8ecf7eb,"
约食季烧肉酒场
    ",环境：9.0,服务：8.9
口味：8.5,人均：162元,4749条评论,西餐,静安寺,"
    南京西路1818号（1788广场1楼06单元）近华山路(近静安寺)
    ",58db1972912eae2cf8ecf7ec,"
Magnet磁石(静安寺店)
    ",环境：9.0,服务：8.7
口味：9.0,人均：453元,1101条评论,西餐,衡山路,    永嘉路570号1栋4楼（永嘉庭）(靠近岳阳路)    ,58db1980912eae2cf8ecf7ed,OTTIMO欧迪姆进口生蚝吧西餐厅    ,环境：9.1,服务：9.1
口味：8.2,人均：133元,866条评论,其他,八佰伴,    东方路796号（近张杨路）96广场1楼    ,58db1986912eae2cf8ecf7ee,巨说还不错(96广场店)    ,环境：9.1,服务：8.9
口味：9.0,人均：134元,4681条评论,韩国料理,虹桥,    天山路1900号5F(近延安西路)    ,58db198c912eae2cf8ecf7ef,本家(天山路店)    ,环境：9.1,服务：9.0
口味：8.3,人均：289元,1021条评论,西餐,南京西路,    陕西北路407号(北京西路)    ,58db1992912eae2cf8ecf7f0,Light & Salt Daily(光与盐陕西北路店)    ,环境：9.1,服务：9.0
口味：8.7,人均：70元,692条评论,川菜,南京东路,    云南南路79号(近宁海东路)    ,58db1999912eae2cf8ecf7f1,我在成都等你(云南南路全国总店)    ,环境：8.5,服务：8.7
口味：8.7,人均：72元,533条评论,海鲜,徐家汇,    华山路2038号百联徐汇购物中心第三层G49-F03-1-002    ,58db199e912eae2cf8ecf7f2,美式海军锅(百联徐汇店)    ,环境：9.1,服务：9.1
口味：8.9,人均：83元,396条评论,其他,松江大学城,    新松江路1292弄东明广场一楼    ,58db19a4912eae2cf8ecf7f3,皖约(松江店)    ,环境：9.1,服务：9.0
口味：8.9,人均：684元,136条评论,粤菜,陆家嘴,    滨江大道1850号A楼(近浦东南路)    ,58db19ab912eae2cf8ecf7f4,浦江荟    ,环境：9.2,服务：9.2
口味：8.9,人均：98元,10714条评论,新疆菜,虹口足球场,    西江湾路388号龙之梦购物中心5层(近足球场)    ,58db19b3912eae2cf8ecf7f5,耶里夏丽(龙之梦购物中心虹口店)    ,环境：8.7,服务：8.6
口味：9.0,人均：94元,8717条评论,新疆菜,顾村公园,    陆翔路111号绿地正大乐城1层    ,58db19b7912eae2cf8ecf7f6,耶里夏丽(绿地正大乐城店)    ,环境：9.0,服务：8.9
口味：9.0,人均：248元,3060条评论,日本菜,源深体育中心,    潍坊路328号嘉瑞酒店1楼(近源深路)    ,58db19be912eae2cf8ecf7f7,柚子林炭火烧肉    ,环境：8.4,服务：8.4
口味：9.0,人均：96元,3078条评论,韩国料理,虹桥镇,    虹桥镇虹泉路1078号井亭天地3楼01-C(近金汇路)    ,58db19c2912eae2cf8ecf7f8,TAN炭韩国烧烤(井亭天地店)    ,环境：8.6,服务：9.1
口味：8.9,人均：108元,2668条评论,川菜,五角场/大学区,    翔殷路1099号合生国际广场L5-13    ,58db19c8912eae2cf8ecf7f9,天辣绿色时尚餐厅(合生汇店)    ,环境：8.9,服务：8.8
口味：9.1,人均：137元,3675条评论,火锅,世纪公园,    芳甸路199弄40号大拇指广场对面联洋广场4层    ,58db19cf912eae2cf8ecf7fa,捞王锅物料理(联洋广场店)    ,环境：8.9,服务：8.9
口味：9.0,人均：106元,2305条评论,海鲜,南方商城,    镇西路与罗秀路交叉口南行50米路东(近罗秀路)    ,58db19d5912eae2cf8ecf7fb,大成海鲜烧烤,环境：7.5,服务：7.9
口味：9.1,人均：130元,7708条评论,火锅,漕河泾/田林,    柳州路545号(近田林东路)    ,58db19e3912eae2cf8ecf7fc,捞王锅物料理(田林店)    ,环境：8.6,服务：9.0
口味：9.0,人均：123元,1441条评论,西餐,衡山路,    永嘉路570号111单元(近岳阳路)    ,58db19ea912eae2cf8ecf7fd,PizzaExpress 马上诺(永嘉庭店)    ,环境：9.1,服务：9.1
口味：9.1,人均：29元,165条评论,素菜,漕河泾/田林,    田林路119-4号临号    ,58db19f2912eae2cf8ecf7fe,初心小馆(田林路店),环境：9.0,服务：9.2
口味：9.0,人均：88元,6309条评论,西北菜,万体馆,    天钥桥路333号腾飞大厦401号铺    ,58db19f8912eae2cf8ecf7ff,西贝莜面村(腾飞店)    ,环境：9.0,服务：9.1
口味：9.1,人均：228元,166条评论,日本菜,虹梅路,    虹梅路3338弄老外街38号(近虹许路)    ,58db19fb912eae2cf8ecf800,一竹烧肉酒场,环境：9.0,服务：9.1
口味：8.7,人均：73元,168条评论,日本菜,五角场/大学区,    大学路185号304室    ,58db1a00912eae2cf8ecf801,\寿司,环境：8.4,服务：9.1
口味：9.1,人均：405元,460条评论,其他,外滩,    中山东一路5号外滩五号3楼(广东路20号)    ,58db1a05912eae2cf8ecf802,皇朝会,环境：9.2,服务：9.2
口味：8.2,人均：400元,16766条评论,日本菜,虹桥,    虹桥路1446号古北湾大酒店3楼(近古北路)    ,58db1a0c912eae2cf8ecf803,初花    ,环境：8.1,服务：8.1
口味：0.0,人均：120元,120条评论,火锅,龙华,    瑞平路88号绿地缤纷城3楼WD303    ,58db1a13912eae2cf8ecf804,重庆熬家老火锅(徐汇店),环境：0.0,服务：0.0
口味：8.7,人均：220元,1164条评论,西餐,静安寺,    巨鹿路568弄四方新城俱乐部2楼(近襄阳北路)    ,58db1a1a912eae2cf8ecf805,Maya玛雅墨西哥餐厅(四方新城店)    ,环境：9.1,服务：9.1
口味：9.1,人均：321元,1451条评论,日本菜,八佰伴,    南泉北路588号新大陆广场南楼3楼(第一八百伴斜对面)    ,58db1a21912eae2cf8ecf806,多番漫怡精食(新大陆店)    ,环境：9.1,服务：9.1
口味：9.1,人均：122元,3019条评论,火锅,控江地区,    通北路699号文通大厦一楼    ,58db1a27912eae2cf8ecf807,潮牛海记(上海通北路店)    ,环境：9.0,服务：9.0
口味：9.0,人均：50元,1735条评论,西北菜,庙行/共康,    一二八纪念路988弄万达广场1层    ,58db1a2f912eae2cf8ecf808,煜北西北小馆(万达广场宝山店),环境：8.9,服务：9.1
口味：9.1,人均：152元,2969条评论,日本菜,长寿路,    安远路530号(近胶州路)    ,58db1a33912eae2cf8ecf809,大馥 ・ 炭火烧肉屋(安远路店)    ,环境：8.3,服务：8.9
口味：9.1,人均：125元,2198条评论,火锅,五角场/大学区,    黄兴路1766号    ,58db1a3a912eae2cf8ecf80a,今日牛事潮汕鲜牛肉火锅(五角场店)    ,环境：9.0,服务：9.0
口味：8.6,人均：134元,1230条评论,其他,淮海路,    淮海中路283号香港广场南座4层    ,58db1a46912eae2cf8ecf80b,相约・榕树下(香港广场淮海中路店),环境：9.0,服务：8.7
口味：8.5,人均：362元,547条评论,西餐,中山公园,    愚园路1107号    ,58db1a4c912eae2cf8ecf80c,THE CANNERY,环境：9.1,服务：8.8
口味：9.1,人均：220元,83条评论,西餐,音乐学院,    襄阳南路278弄3号后门底楼(近永康路)    ,58db1a53912eae2cf8ecf80d,LEDGE    ,环境：8.9,服务：9.0
口味：8.8,人均：85元,776条评论,烧烤,淮海路,    淮海中路282号香港广场北座4层(颐和四季内)    ,58db1a5a912eae2cf8ecf80e,大肆撸串|特色焖烤质朴店(香港广场店),环境：8.4,服务：9.0
口味：8.7,人均：115元,2194条评论,西餐,静安寺,    愚园路68号晶品购物广场4楼(常德路)    ,58db1a61912eae2cf8ecf80f,Johnny Moo(晶品店)    ,环境：9.0,服务：9.1
口味：8.8,人均：201元,1073条评论,西餐,淮海路,    襄阳北路100号襄阳坊2楼(淮海中路襄阳公园)    ,58db1a67912eae2cf8ecf810,Jstone.Italian KITCHEN&Bar(襄阳公园店)    ,环境：9.1,服务：9.0
口味：9.2,人均：56元,68条评论,西餐,淮海路,    淮海中路282号香港广场北座4层(颐和四季内)    ,58db1a6f912eae2cf8ecf811,元FRESH LITE(沙拉),环境：8.5,服务：9.1
口味：9.0,人均：95元,74条评论,粤菜,肇嘉浜路沿线,    襄阳南路578号乙(肇家浜路口)    ,58db1a76912eae2cf8ecf812,林奶奶炖汤,环境：9.1,服务：9.1
口味：8.7,人均：219元,1185条评论,西餐,南京西路,    奉贤路218号(近南汇路，南京西路地铁站北面)    ,58db1a7d912eae2cf8ecf813,husk restaurant    ,环境：9.1,服务：8.9
口味：9.1,人均：223元,814条评论,日本菜,临平路/和平公园,    物华路与银欣路交叉口，上岛咖啡1楼    ,58db1a83912eae2cf8ecf814,鲔屋海鲜居酒屋(物华路银欣路店)    ,环境：8.3,服务：8.7
口味：9.0,人均：200元,3345条评论,火锅,龙柏地区,    金汇路428号(近龙柏新村)    ,58db1a87912eae2cf8ecf815,鼎王无老锅(金汇店)    ,环境：9.1,服务：9.2
口味：9.0,人均：118元,6160条评论,火锅,打浦桥,    徐家汇路550号宝鼎大厦2楼(9号线打浦桥站2号出口左转100米)    ,58db1a8e912eae2cf8ecf816,重庆高老九火锅(打浦桥店)    ,环境：8.8,服务：8.9
口味：9.0,人均：29元,1544条评论,面包甜点,静安寺,"
    新闸路1933号
    ",58db1a94912eae2cf8ecf817,"
小方块sweetbox
    ",环境：8.0,服务：8.7
口味：8.9,人均：129元,1898条评论,火锅,打浦桥,    徐家汇路618号日月光中心广场泰康区4楼(近打浦路)    ,58db1a9b912eae2cf8ecf818,左庭右院鲜牛肉火锅(日月光店)    ,环境：8.8,服务：8.7
口味：9.1,人均：101元,978条评论,日本菜,静安寺,"
    武定路1106号(近延平路)
    ",58db1aa2912eae2cf8ecf819,"
东京屋(武定路店)
    ",环境：8.5,服务：8.8
口味：9.0,人均：367元,2159条评论,日本菜,长寿路,    长寿路577号1楼(胶州路与叶家宅南路间)    ,58db1ab0912eae2cf8ecf81a,九井日本料理(长寿路店),环境：8.7,服务：8.5
口味：7.5,人均：187元,8448条评论,其他,衡山路,    岳阳路150号(近永嘉路)    ,58db1ab7912eae2cf8ecf81b,穹六人间 people 6    ,环境：8.9,服务：8.1
口味：9.0,人均：297元,4468条评论,火锅,人民广场,    广西北路237号近汉口路(人民广场地铁站14号出口，来福士后面)    ,58db1abe912eae2cf8ecf81c,香港荣哥火锅    ,环境：9.1,服务：9.1
口味：9.3,人均：66元,118条评论,西餐,黄浦区,    淮海东路99号6楼602室(交通银行门口直达电梯)    ,58db1ac6912eae2cf8ecf81d,野猪先森 mr.boar,环境：8.7,服务：9.3
口味：9.0,人均：579元,936条评论,其他,静安寺,    镇宁路18号(华山路)    ,58db1acc912eae2cf8ecf81e,Le Cham利贞会法式铁板烧    ,环境：9.1,服务：9.1
口味：9.1,人均：117元,289条评论,火锅,虹桥枢纽,"
    申长路869号龙湖虹桥天街A-3F-17
    ",58db1ad1912eae2cf8ecf81f,"
左庭右院鲜牛肉火锅(虹桥天街店)
    ",环境：9.1,服务：9.1
口味：9.0,人均：1164元,221条评论,其他,陆家嘴,    滨江大道2250号(近凯宾斯基酒店)    ,58db1ad8912eae2cf8ecf820,浦江二号    ,环境：9.3,服务：9.2
口味：8.8,人均：95元,31594条评论,新疆菜,人民广场,    南京东路819号百联世茂7楼(近西藏中路)    ,58db1ae0912eae2cf8ecf821,耶里夏丽(百联人民广场店)    ,环境：8.7,服务：8.4
口味：8.9,人均：165元,923条评论,粤菜,古北,    红松东路1116号(近虹许路)    ,58db1ae7912eae2cf8ecf822,御花园(虹桥元一店)    ,环境：9.0,服务：8.4
口味：8.5,人均：177元,4480条评论,西餐,打浦桥,    徐家汇路618号日月光中心2楼徐家汇区05铺(XJH-05)    ,58db1aeb912eae2cf8ecf823,食索SALE&PEPE(日月光)    ,环境：8.9,服务：8.9
口味：8.7,人均：661元,170条评论,本帮江浙菜,陆家嘴,    陆家嘴浦明路1888号6号楼(近龙阳路，南浦大桥)    ,58db1af2912eae2cf8ecf824,浦江六号    ,环境：9.1,服务：8.6
口味：9.0,人均：127元,2285条评论,火锅,八佰伴,    浦东南路999号新梅联合广场4层    ,58db1af7912eae2cf8ecf825,左庭右院鲜牛肉火锅(新梅联合广场店)    ,环境：9.0,服务：9.0
口味：8.6,人均：83元,472条评论,本帮江浙菜,五角场/大学区,    政通路189号5F－6商铺(万达特力时尚汇5楼)    ,58db1afe912eae2cf8ecf826,胖哥俩肉蟹煲(五角场店)    ,环境：8.9,服务：8.5
口味：9.0,人均：84元,5115条评论,西北菜,北新泾,    仙霞西路88号百联西郊购物中心南区3楼(近哈密路)    ,58db1b05912eae2cf8ecf827,西贝莜面村(百联西郊店)    ,环境：9.0,服务：9.1
口味：8.8,人均：311元,1240条评论,日本菜,人民广场,    南京西路2-68号新世界城3楼    ,58db1b0c912eae2cf8ecf828,舞泽?雪蟹和牛蒸涮锅(新世界城店)    ,环境：8.6,服务：9.0
口味：8.6,人均：60元,401条评论,咖啡厅,新天地,    湖滨路168号2楼W06(无限极荟)    ,58db1b1a912eae2cf8ecf829,TC(新天地店)    ,环境：8.9,服务：8.8
口味：8.6,人均：129元,4478条评论,西餐,陆家嘴,    正大广场陆家嘴西路168号1楼GF27(近富城路)    ,58db1b1f912eae2cf8ecf82a,Win House(正大广场店)    ,环境：8.7,服务：8.8
口味：8.5,人均：306元,589条评论,日本菜,陆家嘴,    花园石桥路66号东亚银行裙楼5楼地铁2号线1号出口(近正大广场 ifc对面，太平大厦旁边)    ,58db1b24912eae2cf8ecf82b,簪花日本料理(陆家嘴店),环境：8.4,服务：8.5
口味：9.1,人均：137元,1764条评论,火锅,虹桥枢纽,    申长路688号虹桥天地?购物中心L5-11    ,58db1b29912eae2cf8ecf82c,捞王锅物料理(虹桥天地店),环境：9.0,服务：8.9
口味：8.4,人均：82元,3930条评论,本帮江浙菜,张江,    张江金科路2901号长泰广场5座B1    ,58db1b30912eae2cf8ecf82d,桂满陇-桃花山庄・院落(长泰广场店)    ,环境：8.8,服务：8.0
口味：9.0,人均：99元,8571条评论,新疆菜,打浦桥,    打浦路1号金玉兰广场二楼(日月光对面)    ,58db1b37912eae2cf8ecf82e,阿罗新疆餐厅(打浦桥店)    ,环境：9.0,服务：9.1
口味：8.5,人均：83元,510条评论,咖啡厅,同乐坊,    常德路888号地下室    ,58db1b3d912eae2cf8ecf82f,ar Cafe & Lounge    ,环境：9.0,服务：8.5
口味：9.1,人均：136元,4629条评论,火锅,莘庄,    都市路5001号仲盛世界商城4层(近莘庄地铁南出口)    ,58db1b45912eae2cf8ecf830,捞王锅物料理(仲盛世界商城店)    ,环境：9.0,服务：9.1
口味：9.1,人均：120元,2155条评论,火锅,南方商城,    沪闵路7388号百联南方购物中心5层(莲花路)    ,58db1b4b912eae2cf8ecf831,左庭右院鲜牛肉火锅(百联南方购物中心店)    ,环境：9.1,服务：9.0
口味：9.0,人均：121元,1849条评论,火锅,金桥,    金桥路金桥国际商业广场8座4层    ,58db1b52912eae2cf8ecf832,泰小伙曼谷夜市火锅(金桥国际广场店)    ,环境：8.8,服务：8.9
口味：9.0,人均：184元,1148条评论,粤菜,南京西路,    南京西路1038号梅龙镇广场4层(南京西路地铁站)    ,58db1b56912eae2cf8ecf833,富临轩(梅龙镇广场店)    ,环境：8.9,服务：8.9
口味：9.0,人均：106元,1231条评论,烧烤,虹桥镇,    虹桥镇吴中路1345号（银亭路68号）天乐广场201室    ,58db1b5b912eae2cf8ecf834,丰茂烤串l羊肉现穿才好吃(吴中路店)    ,环境：9.0,服务：8.9
口味：9.1,人均：84元,7345条评论,川菜,凉城/江湾镇,"
    水电路572号(近广中路   3号线赤峰路下车 步行约10分钟)
    ",58db1b62912eae2cf8ecf835,"
百岁・我家酸菜鱼(虹口店)
    ",环境：8.6,服务：8.7
口味：8.9,人均：110元,400条评论,湘菜,徐家汇,    宛平南路368号(近斜土路)    ,58db1b67912eae2cf8ecf836,许爷剁椒鱼头(宛平南路店),环境：8.8,服务：8.6
口味：8.5,人均：127元,449条评论,东南亚菜,虹桥,"
    遵义路100号虹桥南丰城1层
    ",58db1b6e912eae2cf8ecf837,"
莲池印度餐厅(虹桥南丰城店)
    ",环境：9.1,服务：9.1
口味：9.1,人均：109元,818条评论,烧烤,徐家汇,    天钥桥路222号2楼(近南丹东路)    ,58db1b79912eae2cf8ecf838,狼来了碳烤羊腿(天钥桥路店)    ,环境：8.7,服务：9.1
口味：8.6,人均：1706元,1036条评论,西餐,外滩,    圆明园路169号协进大楼6-7楼(近北京东路)    ,58db1b80912eae2cf8ecf839,8 1/2 Otto e Mezzo BOMBANA    ,环境：9.1,服务：9.1
口味：9.2,人均：267元,311条评论,日本菜,虹桥镇,    先锋街25号宝纳大厦1楼(金汇路)    ,58db1b85912eae2cf8ecf83a,天丰日本料理    ,环境：9.2,服务：9.2
口味：9.1,人均：479元,95条评论,日本菜,黄浦区,    巨鹿路318-2号(近茂名南路)    ,58db1b8b912eae2cf8ecf83b,相扑猫极寿司-千生和(巨鹿路店),环境：8.9,服务：8.9
口味：9.1,人均：121元,415条评论,烧烤,金桥,"
    凌河路580号
    ",58db1b90912eae2cf8ecf83c,"
宋记名羊天下碳烤羊腿(凌河路店)
    ",环境：9.0,服务：9.1
口味：8.6,人均：434元,475条评论,自助餐,陆家嘴,    世纪大道8号国金中心丽思卡尔顿酒店52楼(东泰路)    ,58db1b97912eae2cf8ecf83d,Ritz Carlton Buffet,环境：9.3,服务：9.2
口味：9.0,人均：156元,962条评论,海鲜,西藏北路/中兴路,    中兴路1032号(育婴堂路)    ,58db1b9c912eae2cf8ecf83e,威海味    ,环境：8.7,服务：8.8
口味：8.7,人均：61元,4466条评论,日本菜,南京西路,    江宁路77号恒顺大楼3楼(奉贤路交叉口)    ,58db1ba2912eae2cf8ecf83f,酒集面社    ,环境：8.8,服务：9.0
口味：9.1,人均：466元,1750条评论,日本菜,人民广场,"
    云南南路295号锦江之星酒店楼下(近淮海东路)
    ",58db1ba9912eae2cf8ecf840,"
l隐笑鱼
    ",环境：8.5,服务：9.0
口味：8.9,人均：385元,2320条评论,自助餐,衡山路,    衡山路534号衡山宾馆2楼(衡山路宛平路交口)    ,58db1baf912eae2cf8ecf841,海鲜鱼市SEAFOOD WHARF(衡山店)    ,环境：9.0,服务：9.1
口味：9.1,人均：110元,409条评论,火锅,嘉定区,    澄浏中路3172号百联嘉定购物中心3层    ,58db1bb6912eae2cf8ecf842,左庭右院鲜牛肉火锅(百联嘉定购物中心店)    ,环境：9.2,服务：9.2
口味：9.1,人均：134元,4116条评论,火锅,莘庄龙之梦,    沪闵路6088号龙之梦购物中心B1层(西贝筱面村正上层)    ,58db1bbd912eae2cf8ecf843,捞王锅物料理(龙之梦购物中心莘庄店)    ,环境：9.2,服务：9.1
口味：9.1,人均：131元,3709条评论,烧烤,梅川路,    梅川路1275号近真光路(汉庭酒店旁，百联中环广场附近)    ,58db1bc2912eae2cf8ecf844,洪太极大生蚝烧烤夜宵(普陀店)    ,环境：8.3,服务：9.0
口味：8.7,人均：78元,6870条评论,西餐,南京西路,    南京西路819号中创大厦5楼507室    ,58db1bc7912eae2cf8ecf845,义面屋(南京西路店)    ,环境：9.0,服务：9.0
口味：9.0,人均：261元,1791条评论,日本菜,八佰伴,    商城路665号陆家嘴1885广场B栋2楼(南泉北路)    ,58db1bcc912eae2cf8ecf846,王鼎玉食(1885广场店)    ,环境：9.1,服务：8.9
口味：8.7,人均：141元,7452条评论,自助餐,徐家汇,    天钥桥路131号永新坊B1楼13号(近辛耕路)    ,58db1bd7912eae2cf8ecf847,牛New寿喜烧(徐汇店)    ,环境：8.4,服务：8.4
口味：8.5,人均：61元,222条评论,西餐,中山公园,    定西路1310弄金都苑16号楼702室(近宣化路，巴黎春天后面)    ,58db1bdc912eae2cf8ecf848,空鱼空宠物咖啡狗狗主题咖啡厅    ,环境：9.0,服务：9.2
口味：8.5,人均：401元,1676条评论,本帮江浙菜,外滩,    中山东二路505号(近新开河路)    ,58db1be3912eae2cf8ecf849,RIVIERA  松鹤楼(外滩店)    ,环境：9.2,服务：8.8
口味：9.1,人均：290元,33条评论,西餐,虹桥,    虹桥路1665号星空广场别墅C6座    ,58db1bea912eae2cf8ecf84a,德格里THE GILI Tomahawk(虹桥店),环境：8.9,服务：8.6
口味：8.7,人均：232元,2058条评论,西餐,北外滩,    公平路36号星乐汇商业街9-4、9-5、9-6号    ,58db1bef912eae2cf8ecf84b,Ermans Kitchen 珥玛厨房    ,环境：9.1,服务：9.1
口味：9.1,人均：115元,836条评论,火锅,七宝,    漕宝路3366号七宝万科广场B1层    ,58db1bf5912eae2cf8ecf84c,左庭右院鲜牛肉火锅(七宝万科广场店)    ,环境：8.9,服务：8.7
口味：8.6,人均：91元,9266条评论,西北菜,金杨地区,    张杨路3611弄金桥国际商业广场1座4楼(金桥路口)    ,58db1bfc912eae2cf8ecf84d,西贝莜面村(金桥店)    ,环境：8.5,服务：8.7
口味：8.6,人均：223元,4935条评论,西餐,淮海路,    思南路45号32幢1-2楼    ,58db1c00912eae2cf8ecf84e,Las Tapas(思南公馆店)    ,环境：9.0,服务：8.5
口味：9.2,人均：894元,1200条评论,火锅,音乐学院,    岳阳路1号(教育会堂内)    ,58db1c07912eae2cf8ecf84f,洋房火锅(岳阳路店)    ,环境：9.1,服务：9.1
口味：8.7,人均：146元,5125条评论,粤菜,静安寺,    南京西路1618号（近静安寺）久光百货8楼    ,58db1c0e912eae2cf8ecf850,潮堂(久光百货店)    ,环境：8.5,服务：8.7
口味：9.1,人均：89元,3710条评论,韩国料理,赤峰路,    中山北一路775号(广灵四路路口)    ,58db1c11912eae2cf8ecf851,咕的咕的炭烤肉店(中山北一路店)    ,环境：8.9,服务：9.1
口味：9.0,人均：84元,3043条评论,西北菜,三林镇,    上南路4467号金谊广场5楼    ,58db1c18912eae2cf8ecf852,西贝莜面村(金谊广场)    ,环境：9.1,服务：9.1
口味：9.0,人均：128元,154条评论,西餐,世纪公园,    芳甸路1376弄PLUS乐坊B1层09-2室    ,58db1c1f912eae2cf8ecf853,MIRACOLO 意大利餐厅(乐坊店)    ,环境：9.1,服务：9.1
口味：8.8,人均：131元,3650条评论,韩国料理,中山公园,    长宁路1018号龙之梦购物中心6F蓝中庭6079-6081A    ,58db1c25912eae2cf8ecf854,王妃家(长宁龙之梦店)    ,环境：8.8,服务：9.0
口味：9.0,人均：113元,2553条评论,日本菜,大宁地区,    大宁路街道共和新路1917号(邮政储蓄银行旁)    ,58db1c2c912eae2cf8ecf855,林妈妈刺身寿司(大宁店)    ,环境：8.9,服务：9.0
口味：8.8,人均：360元,5793条评论,日本菜,虹桥,    中山西路1055号SOHO中山广场A座201室(近虹桥路和中山西路交叉口)    ,58db1c38912eae2cf8ecf856,桐花和食(虹桥中山店)    ,环境：9.1,服务：9.0
口味：9.0,人均：352元,9430条评论,日本菜,八佰伴,    张杨路500号华润时代广场8楼(近南泉北路)    ,58db1c3c912eae2cf8ecf857,花隐日式怀石料理(上海张杨店)    ,环境：9.2,服务：9.1
口味：8.9,人均：128元,6262条评论,韩国料理,八佰伴,"
    东方路971号钱江大厦2楼(近向城路)
    ",58db1c43912eae2cf8ecf858,"
本家(浦东店)
    ",环境：8.7,服务：8.7
口味：8.5,人均：78元,1604条评论,其他,陆家嘴,    陆家嘴西路正大广场6楼    ,58db1c48912eae2cf8ecf859,吃饭皇帝大(正大广场店),环境：8.7,服务：8.5
口味：8.9,人均：44元,118条评论,小吃快餐,闸北区,    西藏北路166号大悦城北座B1【NB146】(大悦城二期--北坐，地铁8号线、12号线曲阜路站)    ,58db1c4f912eae2cf8ecf85a,WOOF皮塔(大悦城店),环境：8.7,服务：9.1
口味：8.4,人均：332元,2504条评论,本帮江浙菜,中山公园,    愚园路1039号(近江苏路)    ,58db1c54912eae2cf8ecf85b,福1039    ,环境：8.6,服务：7.7
口味：8.7,人均：147元,1870条评论,西餐,上海影城/新华路,"
    番禺路381号(幸福里文化创业园区)
    ",58db1c5b912eae2cf8ecf85c,"
LAZIE
    ",环境：9.2,服务：9.0
口味：9.0,人均：46元,755条评论,西餐,陆家嘴,    陆家嘴西路168号（近东方明珠）正大广场B2楼    ,58db1c62912eae2cf8ecf85d,Sunflour(正大广场店),环境：8.6,服务：8.5
口味：9.0,人均：90元,3741条评论,西北菜,世纪公园,    芳甸路300号联洋广场A区4楼401号铺(近丁香路)    ,58db1c69912eae2cf8ecf85e,西贝莜面村(联洋店)    ,环境：8.8,服务：9.0
口味：8.9,人均：19元,133条评论,咖啡厅,南京西路,    芮欧百货b151-3    ,58db1c70912eae2cf8ecf85f,Manner,环境：8.0,服务：8.6
口味：9.0,人均：122元,1277条评论,日本菜,七宝,    漕宝路3366号七宝万科广场5层(近地铁9号线七宝站2号口)    ,58db1c77912eae2cf8ecf860,伊秀寿司(七宝万科广场店)    ,环境：9.1,服务：9.2
口味：9.0,人均：390元,2799条评论,西餐,上南地区,    上南路168号世博源3区L2层202B室    ,58db1c7e912eae2cf8ecf861,王品牛排(上海世博源店)    ,环境：9.2,服务：9.2
口味：8.8,人均：85元,8499条评论,韩国料理,五角场/大学区,    国庠路43号(近政通路翔殷路好乐迪斜对面)    ,58db1c83912eae2cf8ecf862,JOLIE.HOUSE(五角场店)    ,环境：8.7,服务：8.9
口味：8.8,人均：248元,3906条评论,日本菜,虹桥,    延安西路2201号上海国际贸易中心一楼118室(近娄山关路)    ,58db1c89912eae2cf8ecf863,虎连坊日本料理(国贸店)    ,环境：8.6,服务：9.0
口味：9.1,人均：273元,202条评论,西餐,虹桥镇,"
    伊犁南路77号2楼(近古羊路X江商展愠『蠓)
    ",58db1c8f912eae2cf8ecf864,"
LYLA 利R European Cuisine
    ",环境：9.3,服务：9.3
口味：8.5,人均：765元,534条评论,粤菜,陆家嘴,    世纪大道8号上海国金中心丽思卡尔顿酒店53楼(近东泰路)    ,58db1c9a912eae2cf8ecf865,金轩中餐厅    ,环境：9.3,服务：9.1
口味：8.5,人均：174元,2320条评论,西餐,音乐学院,    淮海中路1028号嘉华坊2楼(近东湖路)    ,58db1ca1912eae2cf8ecf866,Liquid Laundry    ,环境：8.8,服务：7.9
口味：8.4,人均：131元,3657条评论,西餐,衡山路,    东平路6号(近衡山路)    ,58db1ca4912eae2cf8ecf867,Green&Safe(东平路店)    ,环境：8.8,服务：7.9
口味：8.9,人均：108元,5751条评论,川菜,平凉路,    平凉路1399号百联杨浦滨江3楼(宁国路平凉路交口)    ,58db1caa912eae2cf8ecf868,宋记香辣蟹(百联滨江店)    ,环境：9.0,服务：9.1
口味：8.7,人均：45元,845条评论,咖啡厅,淮海路,    思南路50号    ,58db1caf912eae2cf8ecf869,星巴克(思南公馆店),环境：9.0,服务：8.7
口味：9.1,人均：84元,1204条评论,西北菜,宝山城区,    宝杨路1569号宝乐汇生活时尚中心5楼502号商铺    ,58db1cb3912eae2cf8ecf86a,西贝莜面村(宝乐汇店)    ,环境：9.1,服务：9.2
口味：8.4,人均：156元,2027条评论,西餐,大悦城,    西藏北路198号大悦城北楼901    ,58db1cb9912eae2cf8ecf86b,Magnet磁石(大悦城店)    ,环境：9.0,服务：8.8
口味：8.7,人均：120元,6354条评论,本帮江浙菜,陆家嘴,    世纪大道8号国金中心商场3层(童装区直底)    ,58db1cbf912eae2cf8ecf86c,乐新皇朝(国金中心商场店)    ,环境：8.5,服务：8.6
口味：9.3,人均：1129元,428条评论,火锅,虹桥,    虹桥路1591号虹桥迎宾馆内6号楼2楼(近水城南路)    ,58db1cc7912eae2cf8ecf86d,季悦火锅(虹桥迎宾馆店)    ,环境：9.2,服务：9.2
口味：9.0,人均：368元,345条评论,日本菜,古北,    万科广场荣华西道19弄5号101室    ,58db1ccb912eae2cf8ecf86e,MOTOYAもとや别邸(古北店)    ,环境：8.2,服务：9.1
口味：9.0,人均：131元,10591条评论,火锅,上海影城/新华路,    凯旋路1456号1座(地铁3/4/10号线虹桥路站1号口出)    ,58db1cd3912eae2cf8ecf86f,捞王锅物料理(凯旋路店)    ,环境：8.3,服务：8.6
口味：9.0,人均：77元,1552条评论,火锅,闸北公园,    洛川东路61号(近北宝兴路)    ,58db1cda912eae2cf8ecf870,百素?我家酸菜鱼(闸北公园店)    ,环境：8.9,服务：8.9
口味：9.0,人均：144元,754条评论,火锅,彭浦新村,    共和新路4762号城市新汇广场3F(共康路地铁站3号口对面)    ,58db1ce0912eae2cf8ecf871,蜀大侠-四川传统主义火锅,环境：9.0,服务：8.6
口味：9.1,人均：82元,339条评论,西北菜,大华地区,    大华路1366号    ,58db1ce7912eae2cf8ecf872,肉食主义,环境：9.2,服务：9.1
口味：9.1,人均：137元,3545条评论,火锅,虹桥镇,    吴中路1100号炫润国际大厦2楼201室(万源路口)    ,58db1ced912eae2cf8ecf873,捞王锅物料理(吴中路店)    ,环境：9.1,服务：9.1
口味：9.1,人均：99元,1200条评论,韩国料理,五角场/大学区,    武川路学府街66号    ,58db1cf9912eae2cf8ecf874,炊牛炭火烤肉    ,环境：9.0,服务：9.2
口味：9.0,人均：286元,1146条评论,日本菜,曹家渡,    泰州路401号(余姚路口)    ,58db1cff912eae2cf8ecf875,极上精致和食    ,环境：9.1,服务：9.1
口味：9.1,人均：85元,533条评论,火锅,开元地中海,    新松江路1001号4楼(开元地中海对面汉堡王楼上)    ,58db1d04912eae2cf8ecf876,亿鼎烩猪肚鸡火锅    ,环境：9.1,服务：9.1
口味：9.0,人均：95元,4649条评论,火锅,老闵行,    鹤庆路900号碧江生活广场3号楼2楼    ,58db1d0b912eae2cf8ecf877,渔家谣鱼火锅(碧江广场店)    ,环境：9.1,服务：9.0
口味：8.8,人均：147元,1144条评论,火锅,长寿路,    长寿路398号2楼(近常德路)    ,58db1d12912eae2cf8ecf878,大龙D火锅(长寿店)    ,环境：8.4,服务：8.4
口味：8.9,人均：85元,2407条评论,东南亚菜,八佰伴,    浦东南路1088号1088广场1层(近商城路)    ,58db1d18912eae2cf8ecf879,新马茶餐厅(1088广场店)    ,环境：8.6,服务：8.8
口味：9.0,人均：115元,2610条评论,韩国料理,漕河泾/田林,    田林东路75号汇阳广场3楼    ,58db1d1f912eae2cf8ecf87a,本家(田林东路店)    ,环境：9.1,服务：9.0
口味：9.1,人均：127元,588条评论,火锅,康桥/周浦,    年家浜路437号周浦万达广场3楼(近沪南公路)    ,58db1d25912eae2cf8ecf87b,左庭右院鲜牛肉火锅(周浦万达广场店)    ,环境：9.0,服务：9.0
口味：9.1,人均：49元,158条评论,西餐,复兴西路/丁香花园,    乌鲁木齐中路361号    ,58db1d2c912eae2cf8ecf87c,wakewake,环境：9.1,服务：9.2
口味：9.2,人均：608元,604条评论,海鲜,桃浦,    古浪路55弄11号    ,58db1d31912eae2cf8ecf87d,龙一海鲜(普陀店)    ,环境：9.3,服务：9.2
口味：9.0,人均：130元,1994条评论,火锅,打浦桥,    瑞金南路343号(近瞿溪路)    ,58db1d36912eae2cf8ecf87e,今日牛事潮汕鲜牛肉火锅(瑞金店)    ,环境：9.0,服务：8.7
口味：8.6,人均：102元,2618条评论,家常菜,人民广场,    黄河路21号鸿祥大厦3-4楼(近南京西路)    ,58db1d3d912eae2cf8ecf87f,杏花楼(黄河店)    ,环境：8.2,服务：7.7
口味：8.4,人均：199元,4854条评论,素菜,徐家汇,    天平路392-1号(近衡山路)    ,58db1d41912eae2cf8ecf880,大蔬无界・徐家汇公园美素馆    ,环境：9.1,服务：9.1
口味：8.8,人均：246元,3839条评论,日本菜,惠南镇,    沪南公路9356弄汇展广场1号沈家花园亚洲美食汇A座    ,58db1d45912eae2cf8ecf881,柚子(南汇店)    ,环境：9.1,服务：8.8
口味：9.1,人均：115元,1161条评论,火锅,龙柏地区,    虹井路789号(近延安西路)    ,58db1d4a912eae2cf8ecf882,今日牛事潮汕鲜牛肉火锅(虹井路店)    ,环境：9.1,服务：9.0
口味：8.7,人均：502元,101条评论,西餐,外滩,    中山东一路445号黄浦公园内(近人民英雄纪念碑)    ,58db1d56912eae2cf8ecf883,Alan’s Bistro    ,环境：9.0,服务：8.7
口味：9.0,人均：68元,742条评论,西餐,打浦桥,    瑞金二路225弄21号(田子坊)    ,58db1d5d912eae2cf8ecf884,lavender意面    ,环境：9.1,服务：9.1
口味：9.0,人均：95元,2021条评论,粤菜,惠南镇,    沪南公路9356弄汇展广场1号沈家花园亚洲美食汇B-2座(广场入口在南芦公路上)    ,58db1d64912eae2cf8ecf885,花苑茶餐厅    ,环境：9.1,服务：8.9
口味：9.2,人均：485元,66条评论,日本菜,虹桥,    黄金城道810号    ,58db1d69912eae2cf8ecf886,l莲,环境：9.1,服务：9.1
口味：8.8,人均：153元,565条评论,西餐,天山,    天山路341号缤谷文化休闲广场东座2层    ,58db1d70912eae2cf8ecf887,PINTXOS(EASO缤谷店)    ,环境：9.1,服务：9.0
口味：9.1,人均：83元,70条评论,东南亚菜,静安寺,    北京西路1780号一楼    ,58db1d77912eae2cf8ecf888,Mister pawpaw木瓜先生,环境：9.2,服务：9.1
口味：8.9,人均：74元,443条评论,川菜,莘庄,    沪闵路6088号龙之梦购物中心B2层(好乐迪KTV楼下)    ,58db1d7b912eae2cf8ecf889,川堂风(龙之梦购物中心莘庄店)    ,环境：9.0,服务：8.8
口味：8.8,人均：88元,3901条评论,其他,万体馆,    天钥桥路580号星游城4F03号(近斜土路)    ,58db1d81912eae2cf8ecf88a,皖约(星游城店)    ,环境：9.1,服务：9.1
口味：9.0,人均：345元,323条评论,日本菜,金桥,    金桥路金桥国际商业广场4层    ,58db1d87912eae2cf8ecf88b,多番漫怡精食(金桥国际广场店)    ,环境：9.0,服务：9.1
口味：8.9,人均：129元,232条评论,西餐,虹桥枢纽,"
    申长路869号128室A-1F-28a
    ",58db1d8e912eae2cf8ecf88c,"
Win House(龙湖天街店)

",环境：8.9,服务：9.1
口味：9.0,人均：526元,956条评论,日本菜,淮海路,    淮海中路138号上海广场5层(金陵中路上海音乐广场对面)    ,58db1d95912eae2cf8ecf88d,百合福元丽(上海广场店),环境：9.3,服务：9.1
口味：8.8,人均：162元,1701条评论,本帮江浙菜,陆家嘴,    富城路182号    ,58db1d9d912eae2cf8ecf88e,春在    ,环境：8.6,服务：8.3
口味：8.6,人均：138元,1618条评论,西餐,南京西路,    泰兴路84弄1号1楼b单元    ,58db1da3912eae2cf8ecf88f,JR Recipe 共禾食谱(南京西路店)    ,环境：8.9,服务：8.6
口味：9.0,人均：75元,1036条评论,韩国料理,龙柏地区,    虹泉路1078号井亭天地生活广场3楼(近虹莘路)    ,58db1daa912eae2cf8ecf890,芝湖参鸡汤(虹泉路店)    ,环境：9.0,服务：9.0
口味：8.5,人均：180元,123条评论,西餐,南京西路,    南京西路1376号上海商城东峰212(近波特曼丽思卡尔顿右侧)    ,58db1db2912eae2cf8ecf891,Alan Wong's Shanghai 下午茶&鸡尾酒    ,环境：9.0,服务：9.1
口味：8.7,人均：181元,1784条评论,本帮江浙菜,淮海路,    淮海中路138号上海广场3层    ,58db1dbf912eae2cf8ecf892,圆苑(上海广场店)    ,环境：8.9,服务：8.4
口味：9.1,人均：49元,84条评论,西餐,淞南,    长江南路12号    ,58db1dc3912eae2cf8ecf893,Light&more 轻食主义,环境：9.1,服务：9.2
口味：9.0,人均：121元,3643条评论,东南亚菜,火车站,    恒丰路299号太阳城广场5楼501-502室(汉中路(地铁1号线汉中路站1号口))    ,58db1dc9912eae2cf8ecf894,星泰泰式餐厅    ,环境：8.6,服务：9.1
口味：8.9,人均：96元,3579条评论,素菜,南京西路,    陕西北路408号(近北京西路)    ,58db1dd0912eae2cf8ecf895,茹・ if vegan    ,环境：9.0,服务：9.2
口味：9.0,人均：61元,3423条评论,台湾菜,龙柏地区,    金汇路469号A座    ,58db1dd5912eae2cf8ecf896,鹅庄(庭院店)    ,环境：7.9,服务：8.4
口味：9.1,人均：121元,2584条评论,韩国料理,惠南镇,    沪南公路9356弄汇展广场1号沈家花园亚洲美食汇D座(广场入口在南芦公路上)    ,58db1ddc912eae2cf8ecf897,金柚子韩国烤肉(南汇店)    ,环境：9.1,服务：9.1
口味：9.0,人均：187元,679条评论,日本菜,浦东新区,    迪士尼小镇（湖畔）申迪西路255弄815-820号    ,58db1de1912eae2cf8ecf898,Hatsune 隐泉日式料理(迪士尼小镇店)    ,环境：9.2,服务：9.2
口味：9.0,人均：152元,1058条评论,火锅,上南地区,    洪山路800号(近板泉路)    ,58db1de7912eae2cf8ecf899,蒸爱你时尚蒸汽海鲜牛肉火锅(浦东店)    ,环境：8.7,服务：9.0
口味：9.2,人均：49元,200条评论,韩国料理,庙行/共康,    一二八纪念路988弄万达金街209-2号(近共和新路海贼章鱼君coco楼上)    ,58db1dec912eae2cf8ecf89a,CHICKENOW韩式炸鸡&啤酒(万达广场宝山店),环境：9.2,服务：9.2
口味：8.4,人均：562元,2018条评论,西餐,外滩,    圆明园路133号洛克・外滩源女青年会大楼1楼102铺(近北京东路)    ,58db1df1912eae2cf8ecf89b,Paris Rouge Restaurant Traditionnel巴黎红    ,环境：9.0,服务：9.0
口味：8.9,人均：294元,145条评论,西餐,徐家汇,    建国西路486弄建业里(近岳阳路)    ,58db1df7912eae2cf8ecf89c,Chateau Dionne红酒西餐厅(建国西路店)    ,环境：9.1,服务：9.0
口味：9.0,人均：45元,2639条评论,其他,虹口足球场,    花园路66弄1号101室(8号线虹口足球场站2号口出左拐30米)    ,58db1dfb912eae2cf8ecf89d,SaladMando沙拉满都(花园路店)    ,环境：8.9,服务：8.9
口味：8.5,人均：278元,1668条评论,自助餐,世纪公园,    花木路1388号嘉里大酒店1楼    ,58db1e00912eae2cf8ecf89e,浦东嘉里大酒店TheCOOK?厨餐厅    ,环境：9.1,服务：8.7
口味：8.8,人均：127元,3307条评论,东南亚菜,嘉定镇,    嘉定镇南下塘街16号(近法华塔河)    ,58db1e07912eae2cf8ecf89f,壹泰东南亚主题餐厅(州桥店)    ,环境：9.1,服务：8.7
口味：9.0,人均：118元,1818条评论,西餐,顾村公园,    陆翔路111号绿地正大乐城1层    ,58db1e0e912eae2cf8ecf8a0,费斯缇地中海餐厅(绿地正大乐城店)    ,环境：9.1,服务：9.1
口味：9.0,人均：159元,86条评论,西餐,静安区,    南京西路1551号静安嘉里中心北区一楼N1-10B    ,58db1e1a912eae2cf8ecf8a1,Vesta bistro,环境：9.1,服务：9.2
口味：8.2,人均：154元,2227条评论,西餐,音乐学院,    淮海中路1298号1楼(常熟路地铁站1号口)    ,58db1e20912eae2cf8ecf8a2,W+S CAFE by NAPOLEON    ,环境：9.1,服务：8.6
口味：9.0,人均：96元,6396条评论,湘菜,莘庄,    都市路5001号仲盛世界商城4层(近莘庄地铁南广场)    ,58db1e27912eae2cf8ecf8a3,巡湘记(仲盛世界商城店)    ,环境：9.1,服务：8.9
口味：9.0,人均：144元,3396条评论,东南亚菜,大悦城,    北苏州路1056号四行天地C座205室(地铁8号线曲阜路站2号口往苏州河方向100米左转)    ,58db1e2f912eae2cf8ecf8a4,塔顶泰国时尚餐厅(北苏州路店)    ,环境：9.0,服务：9.1
口味：8.6,人均：90元,15614条评论,新疆菜,天山,    天山路762号巴黎春天西区2楼(近古北路)    ,58db1e35912eae2cf8ecf8a5,耶里夏丽(天山店)    ,环境：8.3,服务：8.3
口味：9.0,人均：135元,3123条评论,火锅,临平路/和平公园,    天宝路280弄17号瑞虹天地星星堂B1-28室(天虹路路口)    ,58db1e3a912eae2cf8ecf8a6,重庆熬家老火锅(瑞虹店)    ,环境：8.8,服务：9.0
口味：8.8,人均：107元,934条评论,川菜,七宝,    漕宝路3366号七宝万科广场5层    ,58db1e41912eae2cf8ecf8a7,天辣绿色时尚餐厅(七宝万科广场店)    ,环境：8.9,服务：8.6
口味：9.0,人均：126元,1547条评论,东南亚菜,天山,    天山路789-889号百盛优客城市广场西楼5层    ,58db1e45912eae2cf8ecf8a8,泰谷泰国休闲餐厅(百盛优客天山店)    ,环境：9.1,服务：9.0
口味：9.0,人均：718元,74条评论,西餐,静安寺,    铜仁路68号    ,58db1e4b912eae2cf8ecf8a9,OSTRA贝龙湾    ,环境：9.1,服务：8.6
口味：8.5,人均：171元,866条评论,西餐,迪士尼,    迪士尼小镇（湖畔）申迪西路255弄825号    ,58db1e50912eae2cf8ecf8aa,船屋THE BOATHOUSE    ,环境：9.2,服务：9.0
口味：9.0,人均：87元,5401条评论,韩国料理,五角场/大学区,    国定路600弄16-1号(离财大右边50米)    ,58db1e57912eae2cf8ecf8ab,咕的咕的+炭烤肉店(国定路店)    ,环境：8.5,服务：9.0
口味：9.0,人均：116元,68条评论,西餐,淮海路,    陕西南路181号5A(陕南口)    ,58db1e5d912eae2cf8ecf8ac,Lucky&Joy幸运心花园,环境：9.1,服务：9.1
口味：8.4,人均：322元,11954条评论,日本菜,陆家嘴,    陆家嘴环路1000号恒生大楼46楼(近银城中路)    ,58db1e62912eae2cf8ecf8ad,柚子(陆家嘴店)    ,环境：9.0,服务：8.3
口味：8.7,人均：122元,3913条评论,西餐,南京东路,"
    南京东路228号新世界大丸百货6层
    ",58db1e68912eae2cf8ecf8ae,"
斯比特花园?意大利餐厅(新世界大丸百货店)
    ",环境：8.9,服务：8.8
口味：9.1,人均：70元,217条评论,川菜,上南地区,    沪南路2472号    ,58db1e6d912eae2cf8ecf8af,渔悦・我家酸菜鱼(御桥店)    ,环境：9.1,服务：9.1
口味：9.0,人均：32元,3270条评论,西北菜,曲阳地区,    曲阳路570号    ,58db1e7a912eae2cf8ecf8b0,煜北西北小馆(曲阳路店)    ,环境：9.0,服务：9.0
口味：8.8,人均：201元,4788条评论,西餐,金桥,    金桥红枫路259号(近新金桥路)    ,58db1e81912eae2cf8ecf8b1,Las Tapas(金桥店)    ,环境：9.1,服务：8.6
口味：9.0,人均：134元,894条评论,火锅,淮海路,    淮海中路988号黄金世界5楼环贸对面(地铁1号、10号、12号线陕西南路1号出口)    ,58db1e87912eae2cf8ecf8b2,九鼎轩 脆毛肚火锅(淮海中路店)    ,环境：8.7,服务：8.5
口味：9.0,人均：92元,3844条评论,韩国料理,五角场/大学区,    国定路506号8幢101室(大学路国定路北100米)    ,58db1e8c912eae2cf8ecf8b3,喜来稀肉(国定路店)    ,环境：8.7,服务：8.9
口味：8.8,人均：43元,1975条评论,东南亚菜,五角场/大学区,    五角场街道国庠路41号(财富好乐迪斜对面 五角丰达商务楼)    ,58db1e93912eae2cf8ecf8b4,六福海南鸡饭    ,环境：8.8,服务：8.9
口味：8.2,人均：335元,1467条评论,西餐,外滩,    中山东一路3号外滩三号7楼(近广东路)    ,58db1e9a912eae2cf8ecf8b5,POP美式餐厅与酒吧    ,环境：9.2,服务：8.7
口味：9.0,人均：70元,337条评论,川菜,长寿路,    胶州路877号(宝华名邸楼下)    ,58db1e9e912eae2cf8ecf8b6,蜀家肴    ,环境：9.1,服务：9.1
口味：8.8,人均：62元,707条评论,面包甜点,南京西路,    泰兴路89号裸心社一楼    ,58db1ea5912eae2cf8ecf8b7,北海道sweet's(南京西路店),环境：8.0,服务：8.8
口味：9.0,人均：119元,592条评论,火锅,七宝,    漕宝路3366号七宝万科广场5层    ,58db1eac912eae2cf8ecf8b8,煲宫(七宝万科广场店)    ,环境：8.9,服务：8.8
口味：9.0,人均：119元,1558条评论,日本菜,通河/泗塘,    一二八纪念路988弄万达金街2层250号(共和新路)    ,58db1eb2912eae2cf8ecf8b9,林妈妈刺身寿司(万达广场宝山店)    ,环境：9.0,服务：9.0
口味：9.2,人均：78元,558条评论,本帮江浙菜,朱家角,    朱家角古镇漕河街170号(靠近城隍庙一百米左右)    ,58db1eb8912eae2cf8ecf8ba,缘明土菜馆    ,环境：9.1,服务：9.2
口味：9.1,人均：213元,67条评论,西餐,天山,    仙霞路638-1号(新城花园对面)    ,58db1ebe912eae2cf8ecf8bb,达利牛排馆    ,环境：9.1,服务：9.0
口味：8.5,人均：366元,1991条评论,日本菜,徐家汇,    虹桥路777号汇京国际广场1层    ,58db1ec2912eae2cf8ecf8bc,o(汇京国际广场店)    ,环境：9.1,服务：8.7
口味：8.7,人均：86元,12561条评论,西北菜,中山公园,    长宁路1018号龙之梦购物中心6层6089/6091(近凯旋路)    ,58db1eca912eae2cf8ecf8bd,西贝莜面村(中山公园店)    ,环境：8.7,服务：8.8
口味：9.1,人均：131元,4578条评论,火锅,五角场/大学区,    邯郸路600号万达商业广场特力时尚汇4层(近淞沪路)    ,58db1ed0912eae2cf8ecf8be,左庭右院鲜牛肉火锅(特力时尚汇店)    ,环境：9.0,服务：9.0
口味：8.7,人均：138元,673条评论,日本菜,淮海路,    茂名南路132号(近南昌路)    ,58db1edd912eae2cf8ecf8bf,    ,环境：8.7,服务：9.0
口味：8.6,人均：142元,447条评论,西餐,静安寺,    富民路85号巨富大厦1楼    ,58db1ee4912eae2cf8ecf8c0,World of Beer(WOB精酿啤酒餐厅)    ,环境：8.9,服务：8.8
口味：9.0,人均：66元,1829条评论,本帮江浙菜,朱家角,    朱家角镇西井街100号(朱家角古镇课植园对面)    ,58db1eeb912eae2cf8ecf8c1,水云阁柴火饭?菜    ,环境：8.8,服务：9.1
口味：9.1,人均：102元,178条评论,西餐,普陀区,    长寿路189号 西康189弄购物中心B116    ,58db1ef1912eae2cf8ecf8c2,OZ MADE 澳思牛排(189购物中心店),环境：9.1,服务：9.1
口味：8.4,人均：218元,461条评论,西餐,外滩,    北京东路99号益丰外滩源107室    ,58db1ef7912eae2cf8ecf8c3,Le Bordelais Bund(布迪格乐外滩店)    ,环境：9.1,服务：8.7
口味：8.3,人均：203元,1015条评论,自助餐,七宝,    漕宝路3366号七宝万科广场5层    ,58db1efe912eae2cf8ecf8c4,汉来海港自助餐厅(七宝万科广场店)    ,环境：9.1,服务：8.9
口味：9.1,人均：98元,703条评论,烧烤,上海南站,    罗香路20号(龙川路与罗香路交叉口)    ,58db1f03912eae2cf8ecf8c5,兄弟情海鲜烧烤,环境：7.6,服务：8.2
口味：8.5,人均：95元,428条评论,海鲜,虹口足球场,    西江湾路388号龙之梦购物中心B1层(家乐福斜对面)    ,58db1f0a912eae2cf8ecf8c6,大话鲜鱿(龙之梦购物中心虹口店),环境：8.5,服务：8.8
口味：8.8,人均：313元,956条评论,日本菜,静安寺,    北京西路1465号国立大厦１层(近常德路)    ,58db1f11912eae2cf8ecf8c7,良 旬菜和膳 石料理    ,环境：9.0,服务：9.0
口味：8.9,人均：17元,358条评论,咖啡厅,静安寺,    巨鹿路735弄1号甲    ,58db1f16912eae2cf8ecf8c8,PiuPiu(静安店)    ,环境：8.9,服务：9.2
口味：8.8,人均：117元,10945条评论,火锅,南京东路,    九江路399号华盛大厦2楼(近上海置地广场，地铁2号线南京东路站4号出口)    ,58db1f1c912eae2cf8ecf8c9,重庆高老九火锅(南京东路店)    ,环境：8.6,服务：8.6
口味：8.7,人均：89元,8232条评论,西北菜,大宁地区,    共和新路2008号大宁国际商业广场12座5楼(近大宁路)    ,58db1f22912eae2cf8ecf8ca,西贝莜面村(大宁店)    ,环境：8.6,服务：8.8
口味：9.0,人均：276元,272条评论,西餐,打浦桥,    蒙自路207号12号楼1楼12-001B室盟智创意园内(近丽园路)    ,58db1f28912eae2cf8ecf8cb,Favorita意大利餐厅(蒙自路店)    ,环境：9.0,服务：9.0
口味：9.0,人均：132元,678条评论,火锅,南京西路,    大沽路395号(近成都北路)    ,58db1f2c912eae2cf8ecf8cc,嗨虾爱上酸菜鱼    ,环境：9.0,服务：9.1
口味：8.7,人均：127元,206条评论,日本菜,南京西路,    愚园东路20号老东海广场最里面1楼(不要跟着导航走哦，导航走过来地址有点绕)    ,58db1f31912eae2cf8ecf8cd,串魂居酒屋    ,环境：8.2,服务：9.0
口味：8.5,人均：92元,7206条评论,粤菜,打浦桥,    打浦路399号(近瞿溪路)    ,58db1f40912eae2cf8ecf8ce,粤来记(打浦路店)    ,环境：8.1,服务：8.2
口味：9.0,人均：111元,4698条评论,日本菜,平凉路,    平凉路1399号百联滨江购物中心2楼(宁国路)    ,58db1f47912eae2cf8ecf8cf,伊秀寿司(百联滨江店)    ,环境：9.1,服务：9.1
口味：8.7,人均：200元,488条评论,蟹宴,静安寺,    静安寺愚园路68号晶品中心4层23A、25室(静安寺晶品购物广场)    ,58db1f4b912eae2cf8ecf8d0,蟹榭(静安寺晶品购物广场店)    ,环境：8.6,服务：8.3
口味：9.0,人均：38元,346条评论,面包甜点,世纪公园,    东绣路1154号    ,58db1f4f912eae2cf8ecf8d1,La Vendee    ,环境：8.7,服务：8.9
口味：8.9,人均：199元,136条评论,西餐,虹桥,"
    虹桥路1665号星空广场一楼B区118号店(水城路)
    ",58db1f56912eae2cf8ecf8d2,"
B612亲子馆餐厅(星空广场店)
    ",环境：9.2,服务：9.2
口味：8.7,人均：71元,468条评论,火锅,金桥,"
    凌河路813号(近杨高北路)
    ",58db1f5e912eae2cf8ecf8d3,"
蛙靠创意牛蛙主题餐厅(凌河路店)
    ",环境：8.7,服务：9.0
口味：9.1,人均：305元,1941条评论,海鲜,世纪公园,    锦绣路2486弄3号楼星河湾商业街(近前程路)    ,58db1f64912eae2cf8ecf8d4,蒋记海鲜姿造(锦绣店)    ,环境：9.1,服务：8.6
口味：8.7,人均：102元,486条评论,韩国料理,人民广场,    淮海东路99号新尚数码广场5楼(8号线大世界站3号出口南100米，淮海东路与西藏南路十字路口)    ,58db1f6a912eae2cf8ecf8d5,来部碳烧烤(人民广场店),环境：9.0,服务：9.0
口味：8.7,人均：103元,4858条评论,火锅,莘庄,    莘松路58号东苑丽宝广场4号楼103-105号(莘庄龙之梦对面，近麦当劳)    ,58db1f71912eae2cf8ecf8d6,潮膳荟?潮汕美食荟萃之地    ,环境：8.7,服务：8.7
口味：9.1,人均：64元,165条评论,咖啡厅,淮海路,    长乐路401弄6号一楼前门(靠近襄阳北路)    ,58db1f75912eae2cf8ecf8d7,Ani Café 阿尼烘焙咖啡馆    ,环境：9.1,服务：9.2
口味：8.6,人均：556元,1623条评论,西餐,外滩,    中山东一路3号外滩三号6楼(广东路)    ,58db1f7a912eae2cf8ecf8d8,Mercato by Jean-Georges,环境：9.1,服务：8.5
口味：8.1,人均：434元,416条评论,西餐,浦东新区,    上海迪士尼乐园-奇幻童话城堡    ,58db1f7f912eae2cf8ecf8d9,Royal Banquet Hall 皇家宴会厅,环境：9.3,服务：9.2
口味：8.8,人均：106元,8047条评论,川菜,虹桥,"    茅台路179号金虹桥商场LG2楼LG2102,LG2103号商铺(近娄山关路)    ",58db1f86912eae2cf8ecf8da,天辣绿色时尚餐厅(金虹桥店)    ,环境：9.0,服务：8.9
口味：9.0,人均：77元,6654条评论,川菜,金杨地区,    云山路1230号(近金杨路)    ,58db1f8d912eae2cf8ecf8db,溪雨观酸菜鱼(云山路店)    ,环境：8.6,服务：8.7
口味：8.8,人均：110元,5601条评论,日本菜,张江,    祖冲之路1239弄长泰商业广场9号楼2楼(近金科路)    ,58db1f94912eae2cf8ecf8dc,伊秀寿司(长泰广场店)    ,环境：8.8,服务：9.0
口味：9.1,人均：22元,105条评论,其他,长宁区,    金钟路968号凌空SOHO15号楼一楼(融合餐厅806档)    ,58db1f9f912eae2cf8ecf8dd,煮螺记柳州螺蛳粉,环境：8.8,服务：9.2
口味：8.7,人均：164元,751条评论,日本菜,虹桥,    安龙路501号(仙霞路)    ,58db1fa2912eae2cf8ecf8de,有喜屋深夜食堂(安龙路店)    ,环境：8.4,服务：8.7
口味：8.8,人均：91元,2247条评论,川菜,长寿路,    长寿路155号巴黎春天六楼    ,58db1fa8912eae2cf8ecf8df,青花椒砂锅鱼(长寿路店)    ,环境：8.8,服务：8.7
口味：9.2,人均：387元,88条评论,西餐,打浦桥,    丽园路1017号    ,58db1fae912eae2cf8ecf8e0,AFTER SEVEN - 今7    ,环境：9.2,服务：9.2
口味：8.8,人均：157元,785条评论,火锅,春申地区,    春申路3333号宝燕商城2楼    ,58db1fb5912eae2cf8ecf8e1,海货工场三店煮海海鲜鲜牛锅・蒸汽海鲜(宝燕商城店)    ,环境：8.9,服务：8.7
口味：8.9,人均：142元,1887条评论,海鲜,金桥,    张杨路与中环路交口久金广场2层    ,58db1fbc912eae2cf8ecf8e2,蒸汽达人波斯顿龙虾主题餐厅(久金广场店)    ,环境：8.2,服务：8.7
口味：9.2,人均：204元,161条评论,本帮江浙菜,董家渡,    外马路1288号综合楼1楼(码头对面)    ,58db1fc3912eae2cf8ecf8e3,外滩1288花园丽舍餐厅,环境：8.4,服务：8.6
口味：8.9,人均：302元,1700条评论,日本菜,南翔,    槎溪路788弄2号(近银翔路世盟壹天地)    ,58db1fc9912eae2cf8ecf8e4,京料理    ,环境：9.1,服务：8.9
口味：8.3,人均：82元,2392条评论,本帮江浙菜,南京东路,    山西南路211号(近天津路)    ,58db1fce912eae2cf8ecf8e5,翠亭酒家    ,环境：7.1,服务：7.7
口味：8.8,人均：93元,7255条评论,湘菜,上南地区,    世博大道1200号梅赛德斯奔驰文化中心6F(地铁8号线中华艺术宫站)    ,58db1fd5912eae2cf8ecf8e6,望湘园(世博店)    ,环境：9.1,服务：8.7
口味：8.6,人均：138元,6168条评论,西餐,南京西路,    南京西路1515号静安嘉里中心南区B1层(地铁静安寺站)    ,58db1fdc912eae2cf8ecf8e7,PINTXOS(静安嘉里中心店)    ,环境：8.2,服务：8.2
口味：8.6,人均：238元,2291条评论,蟹宴,五角场/大学区,"
    五角场黄兴路2228号合生国际广场二楼51号(五角场合生汇广场)
    ",58db1fe3912eae2cf8ecf8e8,"
蟹榭(五角场合生汇广场店)
    ",环境：8.7,服务：8.0
口味：8.5,人均：130元,322条评论,面包甜点,打浦桥,    汝南街63号主楼102b室近局门路(喜粤8号旁)    ,58db1fea912eae2cf8ecf8e9,EDITION PRESENTED BY Laurence,环境：7.9,服务：8.6
口味：8.8,人均：87元,5551条评论,川菜,漕河泾/田林,    桂林路400号二楼(近田林路)    ,58db1ff0912eae2cf8ecf8ea,叶品盛酸菜鱼(桂林路店)    ,环境：8.6,服务：8.7
口味：8.7,人均：87元,6679条评论,西北菜,人民广场,    南京东路800号东方商厦9楼903号(近西藏中路)    ,58db1ff7912eae2cf8ecf8eb,西贝莜面村(南京东路店)    ,环境：8.8,服务：8.8
口味：8.7,人均：164元,2734条评论,海鲜,五角场/大学区,    翔殷路1099号合生汇4楼017室    ,58db2005912eae2cf8ecf8ec,海达人蒸汽海鲜主题餐厅(五角场店),环境：8.6,服务：8.6
口味：9.0,人均：167元,118条评论,西餐,外滩,    福州路19近中山|一路    ,58db200d912eae2cf8ecf8ed,橄榄西餐厅,环境：9.2,服务：9.2
口味：8.9,人均：183元,1465条评论,西餐,打浦桥,    建国中路6号(近南北高架)    ,58db2013912eae2cf8ecf8ee,Acqua Pazza    ,环境：8.6,服务：8.7
口味：8.8,人均：112元,1892条评论,粤菜,虹桥,    虹桥路1665号星空广场4楼B404-405(虹桥路水城路路口)    ,58db2017912eae2cf8ecf8ef,维记港式餐厅    ,环境：8.7,服务：8.5
口味：8.9,人均：49元,2635条评论,本帮江浙菜,康桥/周浦,    康士路3号(近康桥路口)    ,58db201e912eae2cf8ecf8f0,K小柳点心专门店(康桥店),环境：9.1,服务：8.2
口味：9.0,人均：113元,992条评论,火锅,七宝,    七宝镇七莘路3086号(地铁9号线七宝地铁站6号出口往前150米)    ,58db2025912eae2cf8ecf8f1,十六道牛味潮汕牛肉火锅(七宝店)    ,环境：9.0,服务：9.1
口味：8.7,人均：131元,694条评论,自助餐,金桥,    新金桥路18号华美达大酒店2楼(近红枫路)    ,58db202c912eae2cf8ecf8f2,意浓坊    ,环境：9.1,服务：9.0
口味：8.6,人均：122元,20167条评论,川菜,打浦桥,    徐家汇路618号日月光中心广场4楼(地铁九号线打浦桥站)    ,58db2033912eae2cf8ecf8f3,宋记香辣蟹(日月光中心广场店)    ,环境：8.6,服务：8.7
口味：9.0,人均：139元,380条评论,海鲜,康桥/周浦,    秀沿路828号7-8单元    ,58db2037912eae2cf8ecf8f4,蒸尚游蒸汽海鲜主题餐厅    ,环境：8.9,服务：9.1
口味：8.6,人均：843元,327条评论,其他,八佰伴,    滨江大道3788号(近商城路)    ,58db203c912eae2cf8ecf8f5,宏豪浦江一号    ,环境：9.2,服务：9.1
口味：8.1,人均：121元,552条评论,西餐,静安寺,    巨鹿路895号(近常熟路)    ,58db2042912eae2cf8ecf8f6,La Moda Lounge    ,环境：9.0,服务：8.7
口味：9.1,人均：104元,433条评论,烧烤,金桥,    牟平路143号(长岛路与博兴路中间)    ,58db2047912eae2cf8ecf8f7,名羊天下碳烤羊腿(牟平路创意店)    ,环境：9.0,服务：9.1
口味：9.0,人均：248元,251条评论,日本菜,天山,    天山路345号缤谷文化休闲广场东座4层406室    ,58db204c912eae2cf8ecf8f8,银海德鱼日本料理(缤谷文化休闲广场店)    ,环境：9.3,服务：9.2
口味：8.4,人均：140元,3097条评论,西餐,音乐学院,    汾阳路3号2号楼一楼(靠近淮海中路)    ,58db2051912eae2cf8ecf8f9,JR Recipe 共禾食谱(淮海店)    ,环境：9.0,服务：8.5
口味：9.1,人均：74元,522条评论,台湾菜,虹桥镇,    老虹井路351号，汉庭酒店对面    ,58db2058912eae2cf8ecf8fa,市长快炒100,环境：8.5,服务：9.0
口味：8.9,人均：88元,2951条评论,本帮江浙菜,华漕,    纪翟公路1409弄8号(近北青公路)    ,58db2064912eae2cf8ecf8fb,农家大院(纪王店)    ,环境：8.5,服务：8.3
口味：9.0,人均：47元,259条评论,西北菜,漕河泾/田林,    田林路118号2排(布丁酒店)    ,58db2068912eae2cf8ecf8fc,秦人陕味(田林店),环境：8.8,服务：9.0
口味：9.1,人均：289元,1283条评论,其他,临平路/和平公园,    溧阳路1155号(靠近四平路)    ,58db206e912eae2cf8ecf8fd,膳道(虹口店)    ,环境：9.2,服务：9.1
口味：8.8,人均：161元,6327条评论,川菜,虹桥,    遵义路100号虹桥南丰城南区L508(娄山关路地铁站)    ,58db2075912eae2cf8ecf8fe,汉舍中国菜馆(虹桥南丰店)    ,环境：8.9,服务：8.6
口味：8.9,人均：132元,797条评论,新疆菜,复兴西路/丁香花园,"
    复兴西路133号(永福路)
    ",58db207c912eae2cf8ecf8ff,"
阿里家MissAli(复兴西路店)
    ",环境：8.8,服务：8.8
口味：8.5,人均：52元,962条评论,咖啡厅,虹桥,"
    本店谢绝12岁以下儿童:延安西路2077号金桥大厦702室
    ",58db2083912eae2cf8ecf900,"
Cat &coffee
    ",环境：9.0,服务：9.1
口味：9.0,人均：101元,2332条评论,海鲜,平凉路,    河间路816号(近隆昌路地铁站)    ,58db2089912eae2cf8ecf901,威海渔村海鲜坊    ,环境：7.6,服务：8.6
口味：8.6,人均：131元,633条评论,西餐,天山,    天山路341号缤谷文化休闲广场东座4层    ,58db208e912eae2cf8ecf902,夏朵餐厅(天山店),环境：9.2,服务：9.0
口味：9.0,人均：53元,473条评论,西餐,静安寺,    华山路785-3号    ,58db2093912eae2cf8ecf903,深夜汉堡Midnight Burger,环境：8.9,服务：9.0
口味：8.4,人均：122元,10957条评论,粤菜,音乐学院,    复兴中路1252弄15号2楼(近襄阳南路)    ,58db2099912eae2cf8ecf904,博多新记(复兴店)    ,环境：7.5,服务：7.7
口味：7.3,人均：180元,10344条评论,其他,静安寺,    巨鹿路805号(近富民路)    ,58db20a0912eae2cf8ecf905,萤七人间 people 7    ,环境：8.9,服务：7.8
口味：8.5,人均：82元,1534条评论,西餐,静安寺,    常熟路89号(近巨鹿路)    ,58db20a6912eae2cf8ecf906,Charlie's Burger    ,环境：8.5,服务：8.0
口味：9.2,人均：257元,346条评论,其他,大宁地区,    北宝兴路167号(老李羊蝎子对面)    ,58db20ab912eae2cf8ecf907,孔氏椒盐蛇(北宝兴路店),环境：8.1,服务：9.1
口味：9.1,人均：60元,464条评论,本帮江浙菜,朱家角,    朱家角古镇旅游区漕河街155号(临水河畔，古桥相连，城隍庙一百米)    ,58db20b2912eae2cf8ecf908,鲜菜坊(河鲜馆2店)    ,环境：9.1,服务：9.2
口味：9.0,人均：90元,6311条评论,西北菜,南方商城,    沪闵路7388号百联南方购物中心5楼011室(近莲花路)    ,58db20b9912eae2cf8ecf909,西贝莜面村(南方商城店)    ,环境：9.0,服务：9.0
口味：8.5,人均：105元,14844条评论,云南菜,新天地,    兴业路123弄1号楼(兴业路与马当路交叉口)    ,58db20c7912eae2cf8ecf90a,云海肴云南菜(新天地店)    ,环境：9.0,服务：8.8
口味：8.9,人均：76元,1077条评论,素菜,八佰伴,    南泉路20号    ,58db20cd912eae2cf8ecf90b,veggie house 三味蔬屋素食餐厅    ,环境：9.0,服务：9.0
口味：9.1,人均：765元,379条评论,粤菜,北外滩,    东大名路500号(近旅顺路)    ,58db20d5912eae2cf8ecf90c,尚9・一滴水中餐江景包房    ,环境：9.3,服务：8.8
口味：8.8,人均：111元,799条评论,日本菜,静安寺,    愚园路580号    ,58db20dc912eae2cf8ecf90d,重,环境：8.1,服务：9.0
口味：8.9,人均：84元,59条评论,粤菜,徐家汇,    徐家汇永新坊1F    ,58db20e1912eae2cf8ecf90e,鹅岛,环境：9.0,服务：8.4
口味：9.2,人均：89元,106条评论,西餐,庙行/共康,    纪蕴路320弄和欣商业广场七号楼    ,58db20e8912eae2cf8ecf90f,乐宠屋宠物主题餐厅    ,环境：9.3,服务：9.2
口味：8.6,人均：625元,105条评论,自助餐,外滩,    中山东二路538号上海万达瑞华酒店1层    ,58db20ee912eae2cf8ecf910,美食汇Cafe Reign,环境：9.4,服务：9.1
口味：8.8,人均：91元,1584条评论,新疆菜,七宝,    漕宝路3299号七宝宝龙城市广场1层(漕宝路与新镇路交口西北角)    ,58db20f3912eae2cf8ecf911,塔哈尔(七宝宝龙店)    ,环境：9.0,服务：9.0
口味：9.0,人均：132元,3065条评论,本帮江浙菜,漕河泾/田林,    吴中路52号古北时尚广场3楼(近桂林路)    ,58db20f9912eae2cf8ecf912,金时代顺风大酒店(吴中路店)    ,环境：8.8,服务：8.6
口味：8.9,人均：349元,5676条评论,日本菜,张江,    祖冲之路1239弄长泰广场10号楼2楼15号    ,58db20ff912eae2cf8ecf913,花隐日式怀石料理(上海张江长泰广场店)    ,环境：9.0,服务：8.8
口味：9.1,人均：74元,384条评论,本帮江浙菜,朱家角,    朱家角漕河街196号(近泰安桥，圆津院，临桥，临水)    ,58db2102912eae2cf8ecf914,鱼鲜馆农家菜(河鲜馆三店),环境：9.1,服务：9.1
口味：9.1,人均：114元,984条评论,东南亚菜,嘉定区,    叶城路601号5幢(生活时尚)    ,58db2107912eae2cf8ecf915,壹泰东南亚主题餐厅(叶城路店)    ,环境：9.1,服务：8.9
口味：8.3,人均：278元,3013条评论,西餐,淮海路,    淮海中路999号环贸iapm商场6层(陕西南路)    ,58db210d912eae2cf8ecf916,THE CUT Steak&Fries(环贸iapm商场店)    ,环境：9.0,服务：9.0
口味：8.6,人均：156元,112条评论,本帮江浙菜,古北,    虹梅路3918号    ,58db2113912eae2cf8ecf917,江员外江海鲜原生态,环境：8.5,服务：8.5
口味：9.0,人均：87元,1695条评论,西北菜,康桥/周浦,"    周浦镇年家浜路518号,周浦万达广场步行街3楼,322-1室,322-2,328-1,328-2,328-3室    ",58db2119912eae2cf8ecf918,西贝莜面村(周浦万达店)    ,环境：9.0,服务：9.0
口味：9.0,人均：93元,240条评论,烧烤,万源城/东兰路,    龙茗路975号    ,58db2125912eae2cf8ecf919,夜航者吧式串烤餐厅(龙茗路店),环境：9.2,服务：9.0
口味：8.7,人均：86元,794条评论,西北菜,张江,    金科路汇智国际商业中心三楼    ,58db2129912eae2cf8ecf91a,西贝莜面村(张江汇智店),环境：8.7,服务：9.0
口味：8.6,人均：115元,7862条评论,火锅,庙行/共康,"
    一二八纪念路1000弄万达金街1楼126号(近共和新路)
    ",58db2130912eae2cf8ecf91b,"
嗨锅(宝山万达店)
    ",环境：8.1,服务：8.4
口味：8.5,人均：85元,21872条评论,粤菜,徐家汇,    华山路2038号百联徐汇4楼    ,58db2137912eae2cf8ecf91c,查厘士(徐汇店)    ,环境：8.6,服务：8.2
口味：7.9,人均：92元,1843条评论,本帮江浙菜,打浦桥,    徐家汇路618号日月光中心泰康区5F(威尔士健身旁)    ,58db213d912eae2cf8ecf91d,暗恋桃花源,环境：9.1,服务：8.0
口味：8.8,人均：294元,533条评论,西餐,衡山路,    岳阳路1号戊(汾阳路教育会堂2号门)    ,58db2145912eae2cf8ecf91e,摩食 MO'S    ,环境：9.1,服务：9.2
口味：9.0,人均：240元,303条评论,日本菜,世博源,"
    世博大道518号
    ",58db214a912eae2cf8ecf91f,"
寻山烧肉
    ",环境：9.1,服务：8.3
口味：8.1,人均：89元,19117条评论,新疆菜,徐家汇,    南丹东路106号(近天钥桥路)    ,58db2150912eae2cf8ecf920,耶里夏丽(南丹店)    ,环境：7.7,服务：7.6
口味：8.9,人均：178元,1029条评论,火锅,虹桥枢纽,    虹桥天地?新天地D座L2-L3    ,58db2156912eae2cf8ecf921,青石玖宫(虹桥天地店)    ,环境：9.2,服务：9.1
口味：9.0,人均：180元,1240条评论,韩国料理,静安寺,    常熟路83号神州商务大楼2楼    ,58db215d912eae2cf8ecf922,BC2333韩国烤肉吧    ,环境：9.1,服务：9.1
口味：8.9,人均：51元,174条评论,西餐,五角场/大学区,    淞沪路8号百联又一城购物中心7层    ,58db2164912eae2cf8ecf923,加州厨房CaliforniaKitchen(百联又一城购物中心店),环境：8.6,服务：8.5
口味：8.9,人均：121元,827条评论,火锅,金杨地区,    金杨路628号三楼(金杨第一商城)    ,58db216b912eae2cf8ecf924,重庆高老九火锅(金桥第一商城店)    ,环境：8.8,服务：8.8
口味：8.9,人均：89元,7999条评论,西北菜,八佰伴,    浦东南路999号新梅广场4楼404室(近八佰伴)    ,58db2171912eae2cf8ecf925,西贝莜面村(新梅广场店)    ,环境：8.8,服务：8.9
口味：9.1,人均：104元,111条评论,西餐,徐汇区,    龙华中路698号近船厂路正大乐城6号楼一层-102-1商户(船厂路，热风，麦当劳)    ,58db2177912eae2cf8ecf926,Country Chalet 嗄蕾餐厅(徐汇正大乐城店),环境：8.9,服务：9.2
口味：9.0,人均：103元,1724条评论,湘菜,漕河泾/田林,    桂林路37号(近钦州南路)    ,58db217e912eae2cf8ecf927,许爷剁椒鱼头(桂林路店),环境：8.5,服务：8.4
口味：9.0,人均：131元,1832条评论,火锅,世纪公园,    樱花路80弄富荟广场B区2号3楼302-303室    ,58db2187912eae2cf8ecf928,山城辣妹子火锅(富荟广场店)    ,环境：9.0,服务：9.0
口味：9.0,人均：154元,877条评论,西餐,北蔡,    御桥路1949号万科2049海上传奇L402室    ,58db218e912eae2cf8ecf929,CHEF PAPA(万科海上传奇店)    ,环境：9.2,服务：9.0
口味：8.3,人均：66元,19445条评论,本帮江浙菜,人民广场,    南京西路258世茂商都3楼(近新昌路)    ,58db2195912eae2cf8ecf92a,南京大牌档(人民广场世茂店)    ,环境：8.3,服务：8.0
口味：8.7,人均：44元,2451条评论,其他,金桥,    张杨路3611号金桥国际3-301    ,58db219b912eae2cf8ecf92b,和府捞面(金桥店)    ,环境：9.0,服务：8.9
口味：8.8,人均：381元,4995条评论,西餐,南京西路,"
    南京西路388号仙乐斯广场3楼(黄陂北路口)
    ",58db21a3912eae2cf8ecf92c,"
王品牛排(仙乐斯店)
    ",环境：9.1,服务：9.2
口味：9.0,人均：159元,342条评论,海鲜,虹桥,    仙霞路600号(近水城路)    ,58db21a8912eae2cf8ecf92d,船奇蒸汽海鲜    ,环境：8.5,服务：8.4
口味：9.0,人均：139元,4533条评论,东南亚菜,松江万达,    广富林路658弄万达广场3层(松江大学城地铁站)    ,58db21ac912eae2cf8ecf92e,泰谷泰国休闲餐厅(万达广场松江店)    ,环境：9.1,服务：9.1
口味：9.0,人均：67元,1687条评论,东南亚菜,虹桥,    古北路443-5号(2号线娄山关路地铁站)    ,58db21b3912eae2cf8ecf92f,星洲海南鸡饭(古北路店)    ,环境：8.6,服务：9.0
口味：8.9,人均：247元,285条评论,西餐,五角场/大学区,    星汇广场国安路758弄28号(近殷高东路)    ,58db21b9912eae2cf8ecf930,Sky Restaurant & Lounge    ,环境：9.1,服务：9.3
口味：8.9,人均：103元,354条评论,韩国料理,古北,    古北路1699号2楼    ,58db21c1912eae2cf8ecf931,Sea Cloud 海云台八爪鱼,环境：9.0,服务：9.0
口味：9.2,人均：157元,268条评论,海鲜,好爱广场,    都市路3825弄7号38-43室    ,58db21c6912eae2cf8ecf932,靓蒸轩原味海鲜(好爱广场店)    ,环境：9.0,服务：9.1
口味：9.0,人均：107元,1434条评论,日本菜,虹桥,    虹桥路1665号星空广场5楼    ,58db21c9912eae2cf8ecf933,日葵大阪烧(星空广场店)    ,环境：8.8,服务：8.9
口味：8.9,人均：84元,185条评论,西北菜,打浦桥,    徐家汇路618号日月光中心广场4楼    ,58db21d0912eae2cf8ecf934,西贝莜面村(日月光中心广场店),环境：8.7,服务：8.9
口味：9.2,人均：240元,212条评论,日本菜,长风公园/华师大,    丹巴路99号苏宁天御国际广场B1座(近云岭东路)    ,58db21d5912eae2cf8ecf935,@（缘）烧肉酒场(丹巴路店),环境：9.0,服务：9.1
口味：9.0,人均：75元,2316条评论,本帮江浙菜,彭浦新村,    场中路3329号106-107室(如家、汉庭酒店旁)    ,58db21dc912eae2cf8ecf936,小场合农家文化主题餐厅    ,环境：9.0,服务：8.7
口味：8.5,人均：142元,575条评论,火锅,陆家嘴,    陆家嘴西路正大广场6楼12B室    ,58db21e8912eae2cf8ecf937,橘色火锅    ,环境：9.1,服务：9.0
口味：9.0,人均：217元,4493条评论,火锅,古北,    黄金城道677号(近银珠路)    ,58db21ed912eae2cf8ecf938,鼎王无老锅(黄金城道店)    ,环境：9.0,服务：9.0
口味：8.8,人均：107元,1523条评论,素菜,龙华,    中山南二路699号正大乐城3层3-301室(近船厂路)    ,58db21f3912eae2cf8ecf939,普素GreenVege1(正大乐城店)    ,环境：9.1,服务：8.9
口味：9.0,人均：89元,523条评论,西餐,嘉定镇,    金沙路8号    ,58db21fa912eae2cf8ecf93a,food place    ,环境：9.0,服务：9.0
口味：8.8,人均：125元,326条评论,东南亚菜,八佰伴,    张杨路982号百联世纪购物中心B1层    ,58db2200912eae2cf8ecf93b,泰谷泰国休闲餐厅(世纪大都会店),环境：9.1,服务：9.0
口味：8.8,人均：267元,1345条评论,其他,长风公园/华师大,    大渡河路452号国盛生活广场4楼(近云岭东路)    ,58db2207912eae2cf8ecf93c,膳道(普陀店)    ,环境：9.1,服务：9.0
口味：9.1,人均：66元,153条评论,韩国料理,徐汇区,    钦州北路292号2楼(田尚坊223)    ,58db220d912eae2cf8ecf93d,红春川芝士铁板鸡,环境：9.1,服务：9.2
口味：9.1,人均：158元,52条评论,西餐,肇嘉浜路沿线,    建国西路221号2楼201室    ,58db2214912eae2cf8ecf93e,La Vite意式酒馆(建国西路店),环境：8.7,服务：9.2
口味：8.4,人均：99元,9565条评论,云南菜,徐家汇,    肇嘉浜路1111号美罗城5层    ,58db221a912eae2cf8ecf93f,云海肴云南菜(美罗城店)    ,环境：8.7,服务：8.7
口味：8.6,人均：173元,4543条评论,西餐,上南地区,    世博大道1368号世博源二区B楼15室(保利剧院楼下)    ,58db2220912eae2cf8ecf940,KIWIANA奇异安娜新西兰主题餐厅(世博源店)    ,环境：9.0,服务：8.7
口味：8.5,人均：111元,835条评论,西餐,打浦桥,    徐家汇路618号 日月光中心2F 徐家汇区XJH-12(云海肴隔壁)    ,58db2224912eae2cf8ecf941,CrazyOnes西班牙海鲜饭(日月光店)    ,环境：8.7,服务：8.9
口味：8.1,人均：412元,1822条评论,面包甜点,外滩,    金陵东路1号23楼(中山东二路)    ,58db222b912eae2cf8ecf942,da Ivo 威尼斯魔镜 下午茶    ,环境：9.0,服务：8.9
口味：8.4,人均：246元,7552条评论,日本菜,八佰伴,    东方路899号浦东假日酒店2楼(近向城路)    ,58db2231912eae2cf8ecf943,柚子(假日店)    ,环境：8.6,服务：8.4
口味：8.9,人均：84元,840条评论,西北菜,大华地区,    大华路352号大华虎城嘉年华2楼203-206(近大华一路)    ,58db2239912eae2cf8ecf944,西贝莜面村(大华虎城店),环境：8.9,服务：9.0
口味：8.9,人均：75元,1169条评论,其他,张江,    祖冲之路2305号人才公寓广场(近申江路)    ,58db223e912eae2cf8ecf945,深山老屋(张江人才公寓店)    ,环境：8.9,服务：8.8
